"ledger_bucket","rank","id","company","role_zh","original_role","tier","status","location_bucket","location","language_path","direction","chinese_relevant","formal","internship","score","source_score","posted_at","primary_url","all_links","status_evidence","analysis"
"current-main","1","930813","Dragons Group","初级平面设计师（品牌规范与多格式延展）","Junior Graphic Designer","A","live","barcelona","巴塞罗那 / hybrid / 永久全职","english","brand","false","true","false","100","97","2026-08-12","https://dragons-group.factorialhr.com/job_posting/junior-graphic-designer-317499","https://dragons-group.factorialhr.com/job_posting/junior-graphic-designer-317499","Official Factorial detail opened on 2026-08-12. It shows Apply now and a current permanent, full-time, hybrid Barcelona vacancy. English is required; Spanish is preferred rather than mandatory.","Best current junior-level local match. Prioritise portfolio cases showing brand-guideline application, typography, layout, multi-format digital assets and careful production."
"current-main","2","910","LABHOUSE","ASO 视觉设计师（App 品牌与增长）","Graphic Designer - Growth Team","B","live","remote","西班牙远程 / Barcelona 可每周到岗约 2 天","english","digital","false","true","false","99.5","100","","https://jobs.ashbyhq.com/labhouse/62d820a0-f2b6-4a8f-a909-a964d867438d","https://jobs.ashbyhq.com/labhouse/62d820a0-f2b6-4a8f-a909-a964d867438d | https://jobs.ashbyhq.com/labhouse/62d820a0-f2b6-4a8f-a909-a964d867438d/application","Current official Graphic Designer - Growth Team is Spain Remote, Full time and applies through Ashby. It is covered by canonical record 910.","Same original job URL: use the canonical B-tier ASO/app-growth score and do not allow translated duplicates to outrank it."
"current-main","3","914","Trivelta","平面设计师（品牌、数字、活动与社媒）","Graphic Designer","B","live","barcelona","正文写 Barcelona hybrid；页面元数据写 remote，需确认","english","brand","false","true","false","99","96","","https://job-boards.greenhouse.io/trivelta/jobs/4235534009","https://job-boards.greenhouse.io/trivelta/jobs/4235534009","Official Greenhouse requisition 4235534009 was opened on 2026-08-12. It shows Apply for this job, a complete application form and Submit application. The page metadata says remote while the body says a Barcelona-based hybrid role, so the office cadence still needs confirmation.","Keep as a current B-tier, verify-first Barcelona brand-production opportunity. It is an unusually complete early-career brand/digital/print role with a real ATS form, but do not assume Barcelona residency or hybrid access until Trivelta confirms whether Remote means Spain-remote, Barcelona-based hybrid or another hiring location. Ask about Spain entity, office days, salary and daily language before applying."
"current-main","4","1300","INFiLED / 中国品牌巴塞罗那团队","平面设计师（品牌与市场视觉）","Graphic Designer","A","live","barcelona","Barcelona / hybrid / full-time","english","brand","true","true","false","98.5","128","","https://www.linkedin.com/jobs/view/graphic-designer-at-infiled-4442833345","https://www.linkedin.com/jobs/view/graphic-designer-at-infiled-4442833345 | https://www.infiled.com/careers/","Current original LinkedIn employer detail 4442833345 was opened directly on 2026-08-09. It visibly shows Graphic Designer, Barcelona, Hybrid, Full-time, Easy Apply and that the employer is actively reviewing applications. The page is one week old. The listing does not expose its full description in the signed-in DOM during this pass; retain the earlier employer/careers cross-check for scope, and confirm salary, work authorisation and exact hybrid rhythm before applying.","Keep as an A-tier, Chinese-company-linked Barcelona graphic-design lead: it is genuinely live, local and full-time. Apply through the original Easy Apply route with English/Spanish-ready digital, print, event and brand-consistency cases; verify salary, contract entity and Spain work-permit requirements before proceeding."
"current-main","5","866","devicenow","品牌视频与动态视觉专员","Video & Motion Graphics Specialist","B","live","barcelona","巴塞罗那 / 混合办公 / 永久全职","english","digital","false","true","false","98","96","2026-07-26","https://devicenow.com/career/job-19847/","https://devicenow.com/career/job-19847/","Current official job 19847 is a Barcelona hybrid permanent full-time Video & Motion Graphics Specialist with an on-page application. It is covered by canonical record 866.","Same original job URL: use canonical score/priority and do not allow a translated or duplicate title to outrank it."
"current-main","6","94","Savills Spain","品牌设计师（企业视觉、编辑与空间导视）","Brand Designer - Barcelona","B","live","barcelona","Barcelona / hybrid / Marketing & Communications","english","brand","false","false","false","97.5","108","","https://savills-spain.teamtailor.com/jobs/7557726-brand-designer-barcelona","https://savills-spain.teamtailor.com/jobs/7557726-brand-designer-barcelona","Current official Teamtailor detail was opened on 2026-08-09 and visibly shows Send application, Marketing & Communications, Barcelona and Hybrid. Scope is corporate/business graphic material in offline and online formats: presentations, dossiers, branding, signage, advertising, banners and editorial publications. It asks graphic-design education, advanced Photoshop/InDesign/Illustrator and PowerPoint, prior Brand Designer experience, good English, with motion graphics and interactive/digital presentations valued.","Verified Barcelona B-tier core brand-visual lead. Prioritise a portfolio that shows complete identity/brand-guideline application across corporate documents, editorial, wayfinding, ad/banner systems and presentation design; prepare English materials and confirm Spanish working requirement, salary, work permit and office cadence."
"current-main","7","930847","Xapo Bank","毕业生视觉设计师（品牌与 Motion）","Visual Designer Graduate","A","live","remote","100% remote / Work from anywhere / Spain 合同需确认","english","brand","false","false","false","97.1","90","","https://job-boards.greenhouse.io/xapo61/jobs/7800947003","https://job-boards.greenhouse.io/xapo61/jobs/7800947003","Official Greenhouse requisition 7800947003 was opened and read in full on 2026-08-12. It shows Apply, a complete application form, full-time remote work and a 12-month graduate programme with a possible full-time conversion. It targets zero to one year of experience and accepts personal, university or freelance portfolios. The page does not expose a publication date.","An unusually accessible visual-brand and motion opportunity. It covers marketing assets, campaigns, ads, promotional material, animations, product walkthroughs and visual-identity evolution using Figma and tools such as After Effects, Rive or Lottie. Confirm that a Barcelona resident can be contracted and paid compliantly before investing in the application."
"current-main","8","930863","THE/STUDIO","视觉商品与品牌概念设计师（AI 与趋势方向）","Visual Merchandising & Concept Specialist (AI & Trends focus)","A","live","remote","全球远程 / 全职 independent contractor","english","brand","false","true","false","96.6","92","2026-08-12","https://thestudio.na.teamtailor.com/jobs/682135-visual-merchandising-concept-specialist","https://thestudio.na.teamtailor.com/jobs/682135-visual-merchandising-concept-specialist | https://www.linkedin.com/jobs/view/4452733149/","Live/current: THE/STUDIO's official Teamtailor detail was opened and read in full on 2026-08-12. It shows Apply for this role, 100% remote work from anywhere worldwide and a full-time independent-contractor arrangement. The brief asks for 1–3 years or a strong portfolio, written English, Figma Slides and AI-supported concept development.","One of the strongest newly found matches for an early-career Barcelona-based applicant: the work directly covers customer brand identity, moodboards, product concept decks, logos, colour, graphic language, patterns, mascots and packaging systems. Apply in English with concept-to-system cases and AI mockups, but confirm contractor rate, Spain invoicing/tax setup, paid leave, equipment, hours and time-zone overlap before accepting."
"current-main","9","930816","Brownie","初级平面设计师（360° 品牌、包装、门店与电商）","Junior Graphic Designer","B","live","barcelona","Barcelona / 现场 / 全职 / 正在积极审核","spanish","brand","false","true","false","96.1","96","2026-08-05","https://www.linkedin.com/jobs/view/4445887935","https://www.linkedin.com/jobs/view/4445887935","Current signed-in LinkedIn employer detail opened on 2026-08-12. It shows a verified job, Easy Apply, active application review and a posting one week old. Advanced English is explicit; Spanish is not formally listed but the public brief and local team are Spanish-first.","A strong current local brand-extension role. Use 360 campaign, packaging, store, ecommerce, email and motion cases; confirm daily Spanish, salary and onsite schedule before accepting."
"current-main","10","78","Textura Interiors","数字设计师（视觉识别与全渠道品牌延展）","Digital Designer","A","live","barcelona","Barcelona / 官网邮箱投递 / 合同与办公模式待确认","english","brand","false","false","false","95.6","88","","https://www.textura-interiors.com/en/pages/trabaja-con-nosotros-digital-designer","https://www.textura-interiors.com/en/pages/trabaja-con-nosotros-digital-designer | mailto:cv@textura-interiors.com","Live/current: the official Textura employer page was reopened on 2026-08-12 and shows a complete Digital Designer brief plus the application email cv@textura-interiors.com. It requires 3+ years, Adobe, HTML email templates and basic UX/UI; salary, contract and language are not stated.","Refresh and rank high because the work directly evolves a brand identity into guidelines, campaigns, social, web, landing pages, banners, email and POS. Send a brief availability/language check before tailoring the full portfolio."
"current-main","11","4","Lodgify","创意设计师（品牌、营销与 Figma 系统）","Creative Designer","B","live","remote","Europe 远程 / 自由职业合同 / 总部 Barcelona","english","brand","false","false","false","95.1","106","","https://jobs.lever.co/lodgify/f3ab2d95-5a5c-4a60-8c0c-a0f71127ce04","https://jobs.lever.co/lodgify/f3ab2d95-5a5c-4a60-8c0c-a0f71127ce04 | https://jobs.lever.co/lodgify/f3ab2d95-5a5c-4a60-8c0c-a0f71127ce04/apply","Current official Lever detail was opened directly on 2026-08-09. It visibly lists Creative Designer, Europe, Remote, Freelance Contract and apply for this job. Scope is omnichannel marketing design, brand evolution, explainers/product visuals, AI art direction, scalable workflows/templates and Figma design systems; it requires 3+ years and strong English. It states competitive EUR pay and a yearly Barcelona gathering, but omits actual rate, Spain contractor route, contract duration, country eligibility, tax entity and benefits by contract type.","Verified B-tier Europe-remote creative/brand role. It has unusually strong brand-system and marketing relevance, but is freelance and not a guaranteed Spanish employment contract. Apply in English with brand evolution, omnichannel assets, product explainers, Figma systems and AI workflow cases; first confirm Spain contractor eligibility, EUR rate, invoicing/tax, duration and workload."
"current-main","12","604","Canonical","视觉设计师（品牌指南、UI 系统与数字产品）","Visual Designer","B","live","remote","EMEA 全远程 / Barcelona 可居住 / 每年两次国际团队活动","english","brand","false","true","false","94.6","98","","https://job-boards.greenhouse.io/canonical/jobs/5326986?source=LinkedIn","https://job-boards.greenhouse.io/canonical/jobs/5326986?source=LinkedIn","Live/current: Canonical's official Greenhouse requisition 5326986 was reopened and read in full on 2026-08-12. It shows Apply for this job, Home based - EMEA and a complete application form. The role evolves brand guidelines and applies them to communications materials, a UI design system and graphics for digital products. Professional written and spoken English is required; the application also has unusually detailed academic questions and explicitly requires applicants to use their own words rather than AI-generated answers.","Keep as the single Canonical Visual Designer identity and raise it into the high-fit remote brand-system group. Apply in English with brand guidelines, typography, accessibility, web/UI systems and digital-product cases; write every application answer personally and confirm Spain payroll, compensation and work authorisation."
"current-main","13","930867","Fantasy","高级创意设计师—市场品牌与动态","Senior Creative Designer - Marketing","B","live","remote","UK / EU 远程 / Permalance / 西班牙可居住","english","brand","false","true","false","94.1","80","","https://jobs.lever.co/fantasy/e1833bc1-3366-4ab7-9be4-b55f5bd1c6d7","https://jobs.lever.co/fantasy/e1833bc1-3366-4ab7-9be4-b55f5bd1c6d7","Live/current: Fantasy's official Lever requisition e1833bc1-3366-4ab7-9be4-b55f5bd1c6d7 was opened and read in full on 2026-08-12. It shows apply for this job, Remote and an explicit requirement to be located in the UK or EU. The role requires 5+ years across motion, brand and digital, plus strong After Effects, expert Figma, art direction, typography, layout and familiarity with 3D and generative AI.","A strong exact EU-remote brand-extension opportunity but a senior motion-heavy stretch. Apply in English only if the portfolio can show all three explicit pillars: polished motion, systematic static brand collateral, and editorial case-study presentation. Confirm rate, Permalance terms, weekly hours, Spain invoicing/payroll, leave and timezone overlap."
"current-main","14","296","Bakken & Bæck","高级品牌设计师（VI、视觉语言与品牌系统）","Senior Brand Designer","B","live","barcelona","Barcelona / 需到办公室 / 支持搬迁与签证协助","english","brand","false","false","false","93.6","108","","https://bakkenbaeck.com/join/senior-brand-designer","https://bakkenbaeck.com/join/senior-brand-designer | https://bakkenbaeck.teamtailor.com/jobs/6395676-senior-brand-designer/applications/new","Current application is live with Apply: the official detail was opened directly on 2026-08-09. It explicitly says the role can be based in Barcelona, Amsterdam, London or Oslo and does not consider remote applicants. Scope is senior brand identity, visual narratives, design systems/guidelines, digital and physical rollout, quality ownership and art direction. It requires 5+ years plus Figma and Adobe; salary, Spanish and Spain work-authorisation terms are not stated.","High-priority Barcelona senior brand-system role, but only if office attendance and seniority fit. Apply with identity systems, guideline-led digital/physical extensions and art-direction cases; ask the Barcelona team about salary, office cadence, Spanish workflow and work-authorisation before spending heavily."
"current-main","15","535","Supabase","品牌设计师（开发者品牌、活动与多渠道视觉）","Brand Designer","A","live","remote","全球远程 / 官方明确从任何地点招聘","english","brand","false","true","false","93.1","92","","https://jobs.ashbyhq.com/supabase/4a85c92b-1d0d-43ee-8dbc-0e45a58be208","https://jobs.ashbyhq.com/supabase/4a85c92b-1d0d-43ee-8dbc-0e45a58be208","Live/current: the official Supabase Ashby detail was opened and read in full on 2026-08-12. It shows Brand Designer, Remote, Full time, Apply for this Job and explicitly states 'We hire globally' and 'work from anywhere'. The team is distributed across 60+ countries.","A strong English-first remote brand opportunity with unusually clear global eligibility. Lead with visual storytelling for technical audiences, identity consistency, decks, conference/event systems, print, social and video; confirm compensation, Spain contract/payroll arrangement and annual off-site expectations during the first call."
"current-main","16","84","reboot","网页设计师（端到端视觉落地）","Web Designer","B","live","remote","欧洲远程 / 全职","english","digital","false","true","false","92.6","96","","https://reboot.studio/apply","https://reboot.studio/apply","Current official reboot application page was opened directly on 2026-08-09. It visibly lists Full-time, Remote (Europe), Web Designer and a three-image work submission. It is a small software-company web studio role focused on strong visual taste, end-to-end website projects and refining web craft. It states competitive compensation, 25 days paid vacation and work equipment; country eligibility, language, contract entity, seniority and salary are not stated.","Verified B-tier Europe-remote web-visual option. It is an exact visual craft role but website-led rather than brand-identity ownership; keep below core brand/VI jobs. Apply with three exceptionally strong web/visual pieces and confirm Spain engagement, language and contract terms before investing further."
"current-main","17","175","Frekuent","品牌与 Campaign 设计师","Brand & Campaign Designer","C","live","barcelona","巴塞罗那 / hybrid（每周 3 天办公室、2 天远程）/ 永久全职","english","brand","false","true","false","92.2","96","","https://frekuent.factorial.es/job_posting/brand-campaign-designer-296730","https://frekuent.factorial.es/job_posting/brand-campaign-designer-296730 | https://frekuent.com/","Current official Frekuent Factorial detail was checked directly through the indexed ATS result on 2026-08-10 and visibly lists Brand & Campaign Designer, Permanent, Full time, Hybrid (Barcelona, CT, Spain) and Apply now. The brief owns visual execution of end-to-end campaigns across paid ads, landing pages, email and social, maintains visual consistency and design standards/templates, and creates sales enablement, event, brochure, roll-up and corporate collateral. It requires 4+ years, Adobe, Figma, campaign portfolio, and fluent Spanish or English plus intermediate ability in the other language; AI, email/landing and motion are valued.","Promote as a high-fit Barcelona brand/campaign opportunity. It is closer to marketing-brand execution than a pure identity studio role, but the campaign-system, visual-consistency and physical/digital collateral scope is materially relevant. Confirm salary, exact office cadence, Spanish/English working split and work authorisation before applying."
"current-main","18","930838","Dragons Group","高级平面设计师（健康与医疗品牌）","Senior Graphic Designer (Wellness and Healthcare)","A","live","barcelona","Barcelona / hybrid / permanent / 全职","english","brand","false","true","false","91.7","88","2026-08-12","https://dragons-group.factorialhr.com/job_posting/senior-graphic-designer-for-pharma-308053","https://dragons-group.factorialhr.com/job_posting/senior-graphic-designer-for-pharma-308053 | https://dragons-group.factorialhr.com/apply/senior-graphic-designer-wellness-and-healthcare-308053","Dragons Group's official Factorial detail and application form were opened on 2026-08-12. Both are live and identify Barcelona, permanent, full-time and hybrid. The role covers healthcare and pharma digital content, campaigns, presentations, marketing materials, visual systems, production processes and mentoring a mid-level designer.","A strong local graphic and brand-production match with fluent English, but seniority and regulated healthcare/pharma experience are meaningful gates. Apply only with system-level campaigns, information-heavy layouts, presentations and production QA examples."
"current-main","19","930832","Exoticca","视觉设计师（渠道营销与联合品牌）","Visual Designer — Trade Marketing","A","live","barcelona","Barcelona 市区 / onsite / 永久全职","english","brand","false","true","false","91.2","90","2026-08-05","https://www.linkedin.com/jobs/view/4448170319/","https://www.linkedin.com/jobs/view/4448170319/","Current LinkedIn employer detail 4448170319 was opened and read on 2026-08-12. It shows an active Barcelona vacancy with Easy Apply. The full brief covers flyers, print advertisements, brochures, rollups, digital catalogs, promotional video, animated banners, presentations, partner co-branding guidelines and brand-quality control.","One of this round's best immediately relevant Barcelona routes: local, permanent and explicitly fluent-English friendly, with no Spanish requirement surfaced. It is trade-marketing brand extension rather than pure identity creation, so the portfolio should lead with multi-format systems, co-branding and print/digital campaign consistency."
"current-main","20","930836","CrowdStrike","创意内容设计师（演示系统、视频与 Motion）","Creative Content Designer (Remote)","A","live","barcelona","Spain - Barcelona / remote / 全职","english","digital","false","true","false","90.7","89","2026-08-08","https://crowdstrike.wd5.myworkdayjobs.com/crowdstrikecareers/job/Spain---Barcelona/Content-Developer--Sales-Enablement--Remote-_R29235","https://crowdstrike.wd5.myworkdayjobs.com/crowdstrikecareers/job/Spain---Barcelona/Content-Developer--Sales-Enablement--Remote-_R29235 | https://www.linkedin.com/jobs/view/4439209874","Live/current: CrowdStrike official Workday requisition R29235 and current employer LinkedIn job 4439209874 were reopened on 2026-08-12. Workday shows Apply, Spain - Barcelona and full-time; LinkedIn shows the current title Creative Content Designer (Remote) and a posting four days earlier. The work covers presentation systems, templates, information design, video, motion and brand consistency.","A current, English-friendly Barcelona remote opportunity with a clean official application route. It is sales-enablement and learning content rather than pure identity design, so the portfolio should lead with presentation systems, information design, reusable templates, brand consistency, short video and motion examples."
"current-main","21","930837","Velvet Caviar","电商品牌平面设计师（社媒、Web 与 Motion）","Graphic Designer - eCommerce Fashion Brand","A","live","remote","Spain remote / 全职 / €30k-40k","english","digital","false","true","false","90.2","88","2026-08-10","https://es.linkedin.com/jobs/view/graphic-designer-ecommerce-fashion-brand-at-velvet-caviar-4413468201","https://es.linkedin.com/jobs/view/graphic-designer-ecommerce-fashion-brand-at-velvet-caviar-4413468201","The current LinkedIn employer detail 4413468201 was surfaced again on 2026-08-12 with an active application route. It states Spain, 100% remote, EUR 30,000-40,000, 2+ years and a full brief covering email, social, web, Amazon, ads, motion, Pantone, photography, retouching and AI-assisted production.","A practical English-first Spain-remote e-commerce brand role with transparent pay. It is high-volume marketing production rather than VI strategy, and the application is LinkedIn rather than a company ATS. Confirm Spanish hiring entity, employee/contractor status, paid leave and exact New York overlap before accepting interviews."
"current-main","22","1310","Hungry Minds / current LinkedIn employer detail","艺术指导（电商创意部门）","Art Director - Creative Department (eCommerce)","C","live","remote","Spain remote / Barcelona 可居住 / 细节待确认","unknown","ecommerce","false","false","false","89.7","82","","https://www.linkedin.com/jobs/view/4429897831","https://www.linkedin.com/jobs/view/4429897831","Current but verify-first: the exact LinkedIn employer detail 4429897831 was requested directly on 2026-08-12 and returns the title Art Director - Creative Department (eCommerce), Spain, with an Apply route. The public page does not expose the complete job description, salary, daily language, seniority, employer ATS destination, Spain contract entity or work-authorisation policy.","Keep as a lower-confidence Spain-remote art-direction lead rather than a top brand-design recommendation. Before tailoring a portfolio or doing any test, obtain the full brief, contract entity, compensation, working hours, language and exact Barcelona/Spain eligibility from the employer application route."
"current-main","23","930866","Preply","UGC 视频编辑（品牌团队）","UGC Editor (Brand)","B","live","barcelona","Barcelona / hybrid / 全职 / Brand 团队","english","social","false","true","false","89.2","82","2026-07-29","https://jobs.ashbyhq.com/preply/3b86049e-f2ac-4d98-ad59-e81e4e7b028c","https://jobs.ashbyhq.com/preply/3b86049e-f2ac-4d98-ad59-e81e4e7b028c | https://preply.com/en/careers/apply?ashby_jid=3b86049e-f2ac-4d98-ad59-e81e4e7b028c&job_title=UGC%20Editor&job_team=Brand&job_location=Barcelona","Live/current: Preply's official Ashby requisition 3b86049e-f2ac-4d98-ad59-e81e4e7b028c was opened and read in full on 2026-08-12. It is listed, shows a complete application route, and identifies Barcelona, Hybrid and FullTime. The role sits in Brand and asks for 2+ years of video-editing experience, CapCut and/or Premiere Pro, advanced English and social-platform fluency. Spanish, German, French, Italian or Polish is only a plus.","A genuine accessible Barcelona brand-content option, but it is video editing and paid-social performance rather than VI or general graphic design. Apply in English with short-form editing, hooks, captions, creator footage, platform-native pacing and AI-assisted localization; confirm salary, office cadence, relocation eligibility and the proportion of organic versus paid content."
"current-main","24","446","Refokus","品牌设计师（VI 系统与数字品牌延展）","Brand Designer","C","live","remote","全球远程 / 西班牙可投 / 全职","english","brand","false","true","false","88.7","76","","https://www.refokus.com/careers/brand-designer","https://www.refokus.com/careers/brand-designer","Official careers page is live with an application form; 3+ years; language, salary, work authorization and hiring deadline not stated; no Spanish requirement; direct form accepts CV and portfolio","Covers logo systems, brand manuals, presentation/sales-enablement systems, social/promotional assets, AI-assisted on-brand production and digital-brand/web experimentation. Very good English-first cold application; ask whether the role is employee or contractor and whether Spain is accepted before submitting personal data."
"current-main","25","930820","Siemens Digital Industries Software","UI / 视觉设计师（图标系统与 2D/3D 视觉）","UI / Visual Designer","C","live","barcelona","Barcelona / hybrid / 全职 / €42,100–67,100","english","digital","false","true","false","88.2","64","2026-08-11","https://jobs.siemens.com/externaljobs/JobDetail/516087","https://jobs.siemens.com/externaljobs/JobDetail/516087 | https://www.linkedin.com/jobs/view/4451904764","Official Siemens careers detail 516087 was opened on 2026-08-12 and exposes the current application route. The role creates polished 2D/3D icons, pictograms, glyphs and UI artwork inside an established visual system. Advanced English is required; the Spain salary range is EUR42,100–67,100.","A real English-friendly Barcelona visual-design opportunity with transparent pay. It is product UI and technical iconography rather than brand identity ownership, so keep it below direct brand/VI roles and apply only with precise icon-system, Figma, Adobe and 3D work."
"current-main","26","930834","Linear","制作设计师（品牌、Web 与 Campaign 系统）","Production Designer (Europe)","A","live","remote","Europe remote / Barcelona 可居住 / 全职","english","brand","false","true","false","87.7","88","2026-08-12","https://jobs.ashbyhq.com/Linear/5b9997fd-7507-4437-8fd7-14178c99ab5d","https://jobs.ashbyhq.com/Linear/5b9997fd-7507-4437-8fd7-14178c99ab5d | https://jobs.ashbyhq.com/Linear","Linear's official Ashby board and Europe-specific requisition were opened on 2026-08-12. The page currently shows Apply for this Job, Full time and Remote / Europe. It asks for 2+ years and covers landing pages, ad campaigns, sales decks, launch materials, visual language, UI, motion and interaction.","A strong English-first Europe-remote brand-production route. It is broader production design rather than a pure VI ownership role, but the visual-system, campaign and web overlap is substantial. Confirm Spain payroll or contractor terms, compensation and timezone expectations before interview."
"current-main","27","425","Revolut","数字品牌设计师（当前官方可投）","Digital Designer (Brand)","B","live","remote","Barcelona office / Spain remote","english","brand","false","true","false","87.3","116","","https://www.revolut.com/careers/position/digital-designer-brand-6692237e-d90a-47ec-9a78-9b9699ff67bd/","https://www.revolut.com/careers/position/digital-designer-brand-6692237e-d90a-47ec-9a78-9b9699ff67bd/ | https://www.revolut.com/careers/apply/6692237e-d90a-47ec-9a78-9b9699ff67bd/","Current official Revolut detail was opened directly on 2026-08-09 and visibly shows Digital Designer (Brand), office locations including Barcelona, remote locations including Spain, and 鈥淎pply for this role鈥? Scope is digital brand identity across app/web, scalable design resources, brand guardianship and creative/product collaboration. Experience years, Spanish, Spain pay and sponsorship are not listed; non-Poland compensation is discussed in interview.","Keep as the single verified current Revolut brand-design card. Apply through the official form with an English portfolio focused on digital brand systems, app/web expression and scalable libraries; confirm Barcelona office cadence, Spain contract entity, salary and work authorization."
"current-main","28","305","Hostinger","高级平面设计师（品牌与创意）","Senior Graphic Designer - Brand & Creative focus - EU-based","B","live","remote","西班牙远程 / 全职","english","brand","false","true","false","86.8","109","","https://jobs.ashbyhq.com/hostinger/4c17ea83-ba12-46ef-b5a9-f29a4f290051","https://jobs.ashbyhq.com/hostinger/4c17ea83-ba12-46ef-b5a9-f29a4f290051 | https://jobs.ashbyhq.com/hostinger/4c17ea83-ba12-46ef-b5a9-f29a4f290051/application","Current official Ashby detail was opened directly on 2026-08-09. It visibly lists Senior Graphic Designer - Brand & Creative focus - EU-based, Spain, Remote, Full time and Apply. The Brand & Creatives team owns brand, advertising and employer-branding campaigns. Work includes high-impact digital/print campaigns, multi-channel assets, brand evolution, mentoring, Adobe/Figma and AI workflows; fluent English is required. Compensation is competitive/flexible but no numeric band, Spanish rule or visa policy is published.","Verified B-tier Spain-remote brand/creative opportunity and one of the stronger high-priority matches. Apply in English with campaign thinking, visual-identity evolution, multi-channel execution, Figma/Adobe and AI-workflow evidence. Confirm compensation, Spanish expectations and work-authorisation before committing to interviews."
"current-main","29","945","OFF+BRAND","高级品牌设计师（VI、指南与数字品牌系统）","Senior Brand Designer","B","live","remote","EU remote / contract 或全职 / UK-EU 时区","english","brand","false","true","false","86.3","96","","https://www.itsoffbrand.com/careers/senior-brand-designer","https://www.itsoffbrand.com/careers/senior-brand-designer | mailto:contact@itsoffbrand.com","Live/current: OFF+BRAND's employer-owned careers detail was opened on 2026-08-12 and visibly shows Senior Brand Designer, Contract or Full-time, Remote / UK / EU and Apply Now. The on-page form accepts a portfolio and CV, and the role owns identity systems, visual language, art direction, documented brand guidelines, Figma tokens/components and broader digital-brand collateral.","One of the closest Europe-remote matches to the requested VI and brand-system direction. It requires 4+ years, strong identity work, client presentation and production-ready Figma systems. Confirm whether Spain is supported as an employee or contractor, the actual rate/salary and project allocation before accepting interviews."
"current-main","30","1021","ZOE","创意效果设计师（中级）","Creative Performance Designer (Mid-Weight)","C","live","remote","UK / EU remote / Spain 合同待确认","english","ecommerce","false","true","false","85.8","84","","https://jobs.ashbyhq.com/zoe/0387dca9-1d37-43ce-9394-84b4c7076d12","https://jobs.ashbyhq.com/zoe/0387dca9-1d37-43ce-9394-84b4c7076d12","Live/current: ZOE's exact official Ashby requisition was requested directly on 2026-08-12 and returns the current title Creative Performance Designer (Mid-Weight). It remains a full-time UK/EU remote Creative Studio role covering paid-social creative, modular templates, localisation, shoots and a smaller motion component.","Keep as an English-first EU-remote performance-creative route, but describe it by the employer's current title rather than the superseded Brand Performance Designer label. Confirm Spain employment eligibility, compensation, product-shoot logistics and any practical test before applying."
"current-main","31","930882","Duna","视觉设计师（品牌延展、网页与信息图形）","Visual Designer","B","live","remote","全球远程 / Barcelona 可居住 / 全职","english","digital","false","true","false","85.3","85","2026-07-14","https://jobs.ashbyhq.com/duna/6af4c831-00ee-4d94-93cb-709de9f1ee27","https://jobs.ashbyhq.com/duna/6af4c831-00ee-4d94-93cb-709de9f1ee27 | https://jobs.ashbyhq.com/duna/6af4c831-00ee-4d94-93cb-709de9f1ee27/application | https://duna.com/careers | https://duna.com/careers/whats-in-it-for-you","Live/current. Duna's official careers page and Ashby job-board API were checked on 2026-08-13. The employer careers page lists Visual Designer as Mid/Senior and Remote. The exact Ashby record is listed, remote and full-time, with a working job detail and application route. The role creates sales decks, one-pagers, comparison charts, LinkedIn visuals, website and landing-page graphics, icons, illustrations, infographics and diagrams while working inside existing brand guidelines.","A strong English-first remote route for visual brand extension rather than a new identity-system owner. Apply with concise cases for web and landing pages, sales presentations, social campaign systems, data visualisation, iconography and fast multi-format production. Confirm the Spain employment or contractor entity, salary range and occasional in-person expectations before accepting an interview process."
"current-main","32","930844","Synthesia","高级体验式品牌设计师","Senior Brand Designer, Experiential","B","live","remote","Europe remote / London 优先 / 全职 / 需出差","english","brand","false","true","false","84.8","83","2026-08-12","https://jobs.ashbyhq.com/synthesia/75c90455-75c8-44e0-ab38-887120dbb1d0/","https://jobs.ashbyhq.com/synthesia/75c90455-75c8-44e0-ab38-887120dbb1d0/ | https://jobs.ashbyhq.com/synthesia/75c90455-75c8-44e0-ab38-887120dbb1d0/application","Synthesia's official Ashby requisition and application form were opened on 2026-08-12. Both are live. The role asks for 6+ years and owns experiential brand work across event identities, physical spaces, digital touchpoints, motion and screen content, production systems and European/US travel.","A strong pure-brand opportunity that is geographically compatible with Europe, but it is senior, travel-heavy and London/hub preference is explicit. Confirm Spain employment or contractor eligibility before tailoring an experiential portfolio."
"current-main","33","443","DuckDuckGo","创意设计负责人（营销 Campaign 与品牌系统）","Creative Design Lead (Marketing Campaigns)","C","live","remote","Spain remote / 全职 / 全球团队","english","brand","false","true","false","84.3","78","","https://jobs.ashbyhq.com/duck-duck-go/2b76bbee-43df-48d4-ba9c-e7e0d6827d6a","https://jobs.ashbyhq.com/duck-duck-go/2b76bbee-43df-48d4-ba9c-e7e0d6827d6a","Live/current: the official Ashby detail was reopened on 2026-08-12 and lists Spain among eligible remote locations with an active application. The hands-on lead role requires 9+ years and publishes USD 200,267 plus equity.","Recover as an excellent exact direction but a major seniority stretch. Keep behind realistic mid-level options while preserving its strong campaign, brand-language, Figma and Adobe-system fit."
"current-main","34","930705","MANGO","时尚艺术指导（品牌识别与 360 Campaign）","FASHION ART DIRECTOR","B","live","barcelona","Palau-solità i Plegamans / Barcelona 省 / 全职","english","brand","false","true","false","83.8","100","","https://mango.wd3.myworkdayjobs.com/en-US/Mango_Work_Your_Passion/job/SENIOR-ART-DIRECTOR_JR128235","https://mango.wd3.myworkdayjobs.com/en-US/Mango_Work_Your_Passion/job/SENIOR-ART-DIRECTOR_JR128235","MANGO's official Workday requisition JR128235 was checked again on 2026-08-12. The official route resolves and the current employer result shows Apply, full-time and a complete brief. It requires four to five years in fashion art direction, Adobe tools and fluent English; fluent Spanish is preferred. Salary, contract details and onsite frequency are not disclosed.","Correct the old 'other region' classification: Palau-solità i Plegamans is in Barcelona province. This is an excellent identity and 360-brand match but a senior fashion stretch and a real commute. Confirm the application form, contract, salary and office rhythm before tailoring the portfolio."
"current-main","35","1102","AtomiQ Tech","视觉设计负责人（沉浸式视觉、动效与系统）","Lead Visual Designer","B","live","remote","Spain 全远程 / €50,000–60,000","english","brand","false","false","false","83.3","104","","https://atomiq-tech.com/vacancies/lead-visual-designer/","https://atomiq-tech.com/vacancies/lead-visual-designer/ | https://atomiq-tech.com/","Current official AtomiQ vacancy page was opened directly on 2026-08-09. It visibly lists Lead Visual Designer, Remote (Spain), 鈧?0鈥?0k and an Apply Online form. The role covers visual identity, style frames, motion studies, look-dev, visual guidelines, aesthetic systems, toolkits and distributed-team guidance for immersive projects. The end client, employment entity, language and sponsorship are not disclosed.","Promote to a live Spain-remote B-tier opportunity. Before applying, confirm the end-client name, employment or freelance entity, Spain payroll, project type, language and whether the 鈧?0鈥?0k figure is gross annual salary; lead with an immersive visual-direction, motion and 3D systems case."
"current-main","36","884","Dragons Group","中级平面设计师（健康与医疗）","Mid Graphic Designer - Wellness & Healthcare","B","live","barcelona","巴塞罗那 / 混合办公 / 永久全职","english","digital","false","true","false","82.8","106","","https://dragons-group.factorialhr.com/job_posting/mid-graphic-designer-wellness-and-healthcare-308056","https://dragons-group.factorialhr.com/job_posting/mid-graphic-designer-wellness-and-healthcare-308056 | https://dragons-group.factorialhr.com/apply/mid-graphic-designer-wellness-and-healthcare-308056","Current official Factorial detail 308056 was opened directly on 2026-08-09. It visibly shows Mid Graphic Designer (Wellness and Healthcare), Permanent, Full time, Hybrid (Barcelona) and Apply now. Work is hands-on execution of digital campaigns, social, websites, presentations and healthcare marketing material, with an emphasis on accuracy, clear information design, visual consistency and regulated pharma output. Fluent English is required; other languages are a plus. Salary and work-authorisation policy are not stated.","Verified B-tier Barcelona graphic-design opening, but it is regulated healthcare execution rather than primary brand-identity ownership. Apply in English with precise typography, clear information design, digital campaign and brand-adaptation work; confirm salary and work authorisation before interviewing."
"current-main","37","601","SIERRA Production House","艺术指导（视觉语言与品牌识别）","Art Director","B","live","barcelona","Barcelona / 每周 3 天办公室、2 天灵活 / 全职","english","brand","false","false","false","82.4","106","","https://www.sierraproductionhouse.com/jobs","https://www.sierraproductionhouse.com/jobs | mailto:tw@sierraproductionhouse.com","Current application is open: the original SIERRA jobs page was opened on 2026-08-09 and explicitly says it has 1 open position, Art Director. It lists a 40-hour full-time role, Barcelona office work three days per week, two flexible days, market-conform salary and direct portfolio/CV/cover-letter email application. The page is English; Spanish is not stated as a requirement.","Verified Barcelona B-tier art-direction opening. It owns visual direction, coherent visual languages, pitch decks and SIERRA brand identity; show campaign art direction, typography/colour/motion, photo/video production and AI-assisted creative-direction work. Confirm seniority, Spanish, salary and work-authorisation in the first exchange."
"current-main","38","284","EuroLeague Basketball","高级平面设计师（体育品牌、社媒与动态）","Senior Graphic Designer","C","live","barcelona","Barcelona / 永久全职 / 比赛夜与周末轮班","english","social","false","true","false","81.9","88","","https://euroleague-entertainment-services-slu.jobs.personio.com/job/2713006?language=en","https://euroleague-entertainment-services-slu.jobs.personio.com/job/2713006?language=en","Live/current: the official Personio page was reopened on 2026-08-12 and shows Senior Graphic Designer, Barcelona, Full-time, Permanent and Apply. It requires 3+ years in sports design, fluent English and EU nationality or a valid Spanish work/residency permit.","Refresh the canonical formal local English-role stretch. The brand-consistency work is relevant, but sports specialisation, live reactive content, travel and evening/weekend work lower its fit versus general brand-system roles."
"current-main","39","930880","Dragons Group","高级平面设计师（美妆护肤品牌视觉）","Senior Graphic Designer","B","live","barcelona","Barcelona / hybrid / permanent / 全职","english","brand","false","true","false","81.4","85","2026-08-13","https://dragons-group.factorialhr.com/job_posting/senior-graphic-designer-302205","https://dragons-group.factorialhr.com/job_posting/senior-graphic-designer-302205 | https://www.linkedin.com/jobs/view/4436486942","The current official Factorial requisition 302205 was opened and read in full on 2026-08-13. It shows Apply now, Permanent, Full time and Hybrid Barcelona. The role creates premium beauty, skincare, wellness and lifestyle visual assets for Instagram, TikTok, paid social, campaigns, presentations and digital ecosystems while protecting brand consistency. English is mandatory; Spanish is preferred, not required.","A genuine new English-first Barcelona graphic-design route, distinct from the Spanish-mandatory Mid/Senior card. It is still a senior stretch: apply only with 5-7+ years, premium consumer-brand work, strong typography/composition, social campaign systems, retouching and AI-assisted visual development. Use the official ATS as the canonical application route."
"current-main","40","920001","PepsiCo / Alvalle","高级设计师（食品品牌、包装与产品架构）","Senior Designer - Food Ventures","B","live","barcelona","Barcelona / 多地点岗位 / 办公节奏待确认","english","brand","false","false","false","80.9","112","2026-07-27","https://www.pepsicojobs.com/jobs/464555?lang=en-us","https://www.pepsicojobs.com/jobs/464555?lang=en-us | https://www.linkedin.com/jobs/view/4440194840","Live/current: PepsiCo official requisition 464555 was requested directly on 2026-08-12 and returns HTTP 200, the exact title Senior Designer - Food Ventures and Apply now. The role includes Alvalle brand strategy, product architecture, visual identity, packaging and innovation across multiple listed locations including Barcelona.","Keep as a strong Barcelona consumer-brand and packaging opportunity. Four-plus years, product/packaging depth and up to 15% travel are material gates; confirm the Barcelona work mode, salary, language and Spain work-authorisation policy before applying."
"current-main","41","930812","Skyscanner","高级视觉设计师（全球品牌系统与 Campaign）","Senior Visual Designer","B","live","barcelona","Barcelona / hybrid / 每周办公室约 2 天 / 全职","english","brand","false","true","false","80.4","83","2026-08-12","https://www.skyscanner.net/jobs/job/8121646?gh_jid=8121646","https://www.skyscanner.net/jobs/job/8121646?gh_jid=8121646 | https://www.linkedin.com/jobs/view/4451912620","Current LinkedIn employer detail 4451912620 and official Skyscanner requisition 8121646 were opened on 2026-08-12. The role is active and covers global digital, social, print, OOH and experiential campaigns plus evolution of the visual-design system. It requires about seven years of experience.","A high-quality direct visual-brand match, but a real senior stretch. Apply only with system-level identity, campaign art direction, typography, layout and multi-market rollout cases; After Effects is a bonus and English is the working language surfaced by the brief."
"current-main","42","577","SALVI Lighting","高级平面设计师（品牌识别与数字延展）","Dise帽ador/a Gr谩fico/a Senior","C","live","barcelona","Barcelona / 现场办公 / 永久全职 / €27,000+","spanish","brand","false","true","false","79.9","94","","https://www.infojobs.net/barcelona/disenador-grafico/of-i850edd6b2642b59839d29bf9191848","https://www.infojobs.net/barcelona/disenador-grafico/of-i850edd6b2642b59839d29bf9191848 | https://www.salvi.es/trabaja-con-nosotros-oportunidades-salvi/","Current original InfoJobs detail was opened directly on 2026-08-10 and visibly shows Dise帽ador/a gr谩fico/a, Barcelona, Presencial, Contrato indefinido, jornada completa, more than EUR27,000, 5+ years and an Inscribirme en esta oferta button. The brief owns visual identity across channels, catalogues, product sheets, editorial materials, email, social, trade fairs, sales collateral, Webflow and basic motion; Adobe, print-prepress and AI workflows are required. English and Catalan are listed as valued, not hard requirements; Spanish daily use and the exact Lli莽脿/Barcelona worksite remain to confirm.","Raise into the upper Barcelona manual ranking as a strong brand-visual and digital-extension role. Apply with identity systems, editorial/product rollout, print production and Webflow/motion cases; confirm Spanish/Catalan expectations, exact worksite, salary basis and schedule before investing in the application."
"current-main","43","313","Mapit IoT","营销与品牌系统设计师（母语西语门槛）","Marketing Designer","C","live","barcelona","Barcelona / hybrid / indefinite full-time","spanish","brand","false","true","false","79.4","82","","https://es.linkedin.com/jobs/view/marketing-designer-at-mapit-iot-4437788118","https://es.linkedin.com/jobs/view/marketing-designer-at-mapit-iot-4437788118 | https://mapit.factorial.es/job_posting/marketing-designer-311406 | https://mapit.factorial.es/apply/marketing-designer-311406","Live/current: the original LinkedIn employer detail 4437788118 was opened and read in full on 2026-08-12. It still shows a specific Barcelona full-time Marketing Designer vacancy and an application route. The role owns Mapit's visual identity, cross-market brand assets, email, landing pages, co-branding, campaigns, AI workflows, brand guides and prompts.","Recover into the main board as a strong Barcelona brand-system role, but keep it below language-accessible jobs: 5+ years, native Spanish and English B2 are hard gates."
"current-main","44","930873","Grupo Planeta","高级平面与编辑设计师（书籍封面 / 艺术指导）","Diseñador/a Gráfico/a Senior / Diseñador/a Editorial Senior","B","live","barcelona","Barcelona / 现场 / 无固定期限全职","spanish","brand","false","true","false","78.9","82","","https://grupoplaneta.talentclue.com/es/node/127111935/4590/modal","https://grupoplaneta.talentclue.com/es/node/127111935/4590/modal | https://jobs.planeta.es/","Live/current: Grupo Planeta's official TalentClue detail 127111935 was opened and read in full on 2026-08-12. It shows Inscríbete, one Barcelona vacancy, an indefinite full-time contract and on-site work. The Art & Design team creates non-fiction covers for Planeta, Ariel, Crítica and Península and carries concepts through production.","A real, high-quality Barcelona graphic-design route, but not a junior VI role. The work is editorial art direction, cover design, typography and launch graphics; it requires at least five years, Adobe Creative Cloud, intermediate-or-higher English and a portfolio. Confirm salary and the daily Spanish working level before applying."
"current-main","45","930868","ZABRISKIE STUDIO / GRUPO NATURA","初级平面设计师（包装、品牌与印刷落地）","Diseñador/a Gráfico/a Junior","B","live","barcelona","Barcelona / 现场办公 / 无固定期限全职","spanish","brand","false","true","false","78.4","79","2026-08-10","https://www.infojobs.net/barcelona/disenador-grafico-junior/of-i62ce6602174df08577dee1707bf0be","https://www.infojobs.net/barcelona/disenador-grafico-junior/of-i62ce6602174df08577dee1707bf0be","Live/current: the original InfoJobs detail i62ce6602174df08577dee1707bf0be was opened and read in full on 2026-08-12. It says published again two days ago, still shows Inscribirme en esta oferta and has an active application route. The role covers packaging, new collection graphics, branding, labels, catalogues, mockups, final artwork, printing and supplier review.","A strong junior Barcelona graphic-design recovery with real packaging and brand-production scope. The practical gates are 2+ years, native/bilingual Spanish, intermediate Catalan and English, full on-site work and a EUR20k-27k range. Apply only with packaging, dielines, print-ready files, branding, editorial and mockup cases."
"current-main","46","345","Domingo Studio","","Mid-Senior Graphic Design / Graphic Design Intern","C","live","barcelona","巴塞罗那","unknown","brand","false","false","true","77.9","80","","https://thisisdomingo.com/about/","https://thisisdomingo.com/about/ | mailto:talent@thisisdomingo.com","Official page currently lists both routes, asks for CV, portfolio and motivation letter; mid-senior requires previous experience; intern requires convenio; no salary/language/visa","Studio work spans brand strategy, visual identity, web UX/UI, packaging, editorial systems, interiors and guidelines; page confirms Barcelona address and the two current talent tracks. Keep high priority for a direct English speculative application."
"current-main","47","55","BCome","数字设计师（企业识别、SaaS 与 Motion）","Digital Designer","C","live","barcelona","巴塞罗那 / semi-presential / 灵活工时","english","digital","false","true","false","77.5","94","","https://help.bcome.biz/careers/","https://help.bcome.biz/careers/ | mailto:alba@bcome.biz | https://help.bcome.biz/","Live current official BCome careers content lists Digital Designer under Barcelona open positions and gives an email application route to alba@bcome.biz. The brief combines UX/UI and graphic design for a sustainability SaaS product, corporate identity, advertising, presentations, mockups, Figma, Illustrator, Photoshop, After Effects, motion graphics and multimedia assets. The page states semi-presential work, flexible hours, a fixed gross annual salary based on experience and 25 days of leave; language, exact contract entity and application response remain to confirm.","Promote to a current Barcelona digital-brand extension route. It is not a pure VI-system role, but the corporate-identity, advertising, presentation, motion and UX/UI mix is relevant. Apply with brand-to-digital case studies and confirm salary, Spanish/English workflow, office rhythm and legal work terms."
"current-main","48","908","Top Doctors Group","营销设计师（多品牌视觉）","营销设计师（多品牌视觉） / Marketing Designer","C","live","barcelona","巴塞罗那 / 混合办公","spanish","digital","false","true","false","77","86","","https://careers.topdoctorsgroup.com/jobs/8050312-marketing-designer","https://careers.topdoctorsgroup.com/jobs/8050312-marketing-designer | https://es.linkedin.com/jobs/view/marketing-designer-at-top-doctors-4439026199","Live/current: the official Teamtailor detail 8050312 was opened and read in full on 2026-08-12. It still shows Enviar solicitud, Barcelona hybrid, full-time and EUR22,000-24,000. The work owns multi-brand visual consistency across campaigns, social, email, landing pages, presentations, events, employer branding and light audiovisual production.","Recover as a real Barcelona brand/marketing-design route. The scope is exact, but 3+ years, Spanish-first workflow and low published salary reduce priority."
"current-main","49","1314","CM Creative International","平面设计师与活动制作（品牌延展、印刷与展会）","GRAPHIC DESIGNER & EVENT PRODUCER FOR BARCELONA OFFICE","B","live","barcelona","Barcelona 市中心 / 长期岗位 / 资深可混合办公","english","production","false","false","true","76.5","92","","https://www.agency.cm-creative.net/careers/item/graphic-designer-event-producer-for-barcelona-office","https://www.agency.cm-creative.net/careers/item/graphic-designer-event-producer-for-barcelona-office | mailto:administrator@cm-creative.net","Current official CM Creative detail was opened on 2026-08-09 and visibly shows the Barcelona-office role and Apply for this Job by email. It covers brand-guided campaign assets, landing pages, email, digital adverts, website banners, print, merchandising, social content, web design, event/trade-fair production and project management. Excellent English is required; senior professionals may work hybrid; the position is long-term and Barcelona-based, with result-oriented payment and no fixed salary published.","Promote to a live B-tier Barcelona visual-production and brand-extension route. Send an English portfolio showing identity systems, campaign rollouts, web/email, print/event production and technical final artwork; ask whether the senior or junior track fits, how result-oriented payment is calculated and what the office rhythm is."
"current-main","50","930884","Ogilvy","社交媒体艺术指导（品牌一致性与动效）","Art Director (Social Media)","B","live","barcelona","Barcelona / hybrid / 全职","english","social","false","true","false","76","80","","https://es.linkedin.com/jobs/view/art-director-social-media-at-ogilvy-4434550264","https://es.linkedin.com/jobs/view/art-director-social-media-at-ogilvy-4434550264","Live/current. The exact LinkedIn employer detail 4434550264 was opened on 2026-08-13 and does not show a closed marker; the current search result exposes Solicitar. The full brief is readable and covers visual concepts and assets for Instagram, TikTok and YouTube, collaboration with copy and strategy, and visual consistency across brand communications. It requires at least two years in an agency, Adobe tools and basic video/motion knowledge. The public brief is in English but does not explicitly state the daily working-language requirement.","A credible local social-first art-direction option, secondary to pure VI roles. Use campaign systems, social-native layouts, motion/video and brand-consistency examples; ask whether Spanish is required before spending time on a tailored test."
"current-main","51","314","Qoria / Qustodio","数字设计师（品牌指南、网页、CRM 与 Campaign）","Digital Designer (Marketing)","C","live","barcelona","Barcelona / 正式全职 / €30,000–40,000","english","digital","false","true","false","75.5","86","","https://ats.rippling.com/qoria/jobs/ce85988a-73a6-4314-a820-8d403dc527c9","https://ats.rippling.com/qoria/jobs/ce85988a-73a6-4314-a820-8d403dc527c9 | https://ats.rippling.com/qoria/jobs","Official Qoria Rippling board lists the role and the live detail has Apply now; fluent English required, Spanish highly valued rather than formally mandatory; salary EUR30,000–40,000 base; no visa/sponsorship statement","5+ years; websites, landing pages, CRM/email, social, paid campaigns, presentations and brand initiatives; contributes to brand guidelines, design systems and component-based ecosystems; Figma/Adobe, accessibility, responsive design, AI and motion bonus. One of the best lower-Spanish-barrier Barcelona targets in the current pass."
"current-main","52","207","Publicis Production / Publicis Groupe España","设计师（全球品牌 Campaign 与数字制作）","Designer","C","live","barcelona","Barcelona / 全职 / 办公节奏待确认","english","digital","false","true","false","75","98","2026-08-02","https://es.linkedin.com/jobs/view/designer-at-publicis-groupe-espa%C3%B1a-4431861080","https://es.linkedin.com/jobs/view/designer-at-publicis-groupe-espa%C3%B1a-4431861080","Current original LinkedIn employer detail 4431861080 was opened on 2026-08-09 and visibly shows Apply, Publicis Groupe Espa帽a, Barcelona, full-time and publication one week earlier. Publicis Production seeks a Designer for major global brands: key visuals, static ads, newsletters, landing pages, banners, shopper assets and final artwork; it also covers layout/copy refinement, digital concepts aligned to brand/campaign objectives, retouching and collaboration with content, UX and development. It asks 3-4+ years or a relevant degree, advanced Photoshop/Illustrator/InDesign, fast delivery, digital-format literacy and advanced English assessed at interview. Figma and AI-tool experience are valued; Spanish is not stated.","Keep as a current Barcelona C-tier production-design option, not a top brand-system lead. Apply in English with global-campaign key visuals, responsive/email/banner systems, shopper/retail assets, production-ready artwork and retouching; confirm daily Spanish requirement, salary, contract and hybrid cadence before investing heavily."
"current-main","53","5106","CrowdStrike","创意内容设计师（信息设计、模板与视频）","创意内容设计师（远程） / Creative Content Designer — Remote","C","live","barcelona","Spain remote / Barcelona / 全职","english","digital","false","true","false","74.5","88","2026-07-24","https://crowdstrike.wd5.myworkdayjobs.com/en-US/crowdstrikecareers/job/Content-Developer--Sales-Enablement--Remote-_R29235","https://crowdstrike.wd5.myworkdayjobs.com/en-US/crowdstrikecareers/job/Content-Developer--Sales-Enablement--Remote-_R29235","Current official Workday detail R29235 was opened directly on 2026-08-09. It visibly shows Apply, Spain - Barcelona, Full time and Posted 3 Days Ago. The role is sales-enablement production: presentations, one-pagers, infographics, newsletters, training/learning material, video, animation, templates and brand-standard adaptation. It requires 2+ years and professional English; Spanish, salary, sponsorship and office cadence are not stated.","Verified and open, but C-tier for this search: it is visual storytelling and enablement production rather than ownership of a brand identity or VI system. Apply in English with presentation systems, information design, templates, video and brand-adaptation cases; confirm Spain home-working, compensation and work-authorisation before the interview."
"current-main","54","1000","Designity","动态设计师（AI 驱动的品牌与 Campaign）","Motion Designer (AI-Driven)","C","live","remote","EMEA / LATAM 全远程 / Spain 可投 / 全职","english","motion","false","true","false","74","82","","https://www.designity.com/careers/motion-designer","https://www.designity.com/careers/motion-designer","Live/current: Designity's employer-owned careers detail was opened on 2026-08-12 and visibly shows Motion Designer (AI-Driven), Full-time, Remote and Apply Now. The body explicitly says the role is based across EMEA and LATAM, offers a fixed base salary and paid PTO, and covers branded motion systems, campaign video, storyboards, After Effects, Premiere, Lottie and AI-assisted workflows.","A valid Spain-accessible remote opportunity, but secondary to static brand/VI roles because it requires 5+ years of motion depth and at least five hours of US Eastern overlap. Apply only with a motion-first reel and confirm the Spain employment/contract structure, salary and exact daily schedule."
"current-main","55","960","DDB Spain","初级艺术指导（社媒与 Campaign）","Art Director Junior","C","live","barcelona","巴塞罗那 / hybrid / 初级全职","spanish","social","false","true","false","73.5","92","","https://job-boards.greenhouse.io/uneteaddbspain/jobs/5229098008","https://job-boards.greenhouse.io/uneteaddbspain/jobs/5229098008 | https://www.ddb.com/","Current official DDB Spain Greenhouse detail was opened directly on 2026-08-10 and visibly shows Art Director Junior, Barcelona, Apply and a complete application form. The brief covers disruptive social-media concepts, campaign assets, layout, photo/video shoots, video editing and collaboration with art/copy teams. It asks for a graphic design/advertising degree, 1-2 years in an agency or studio, Photoshop, Premiere, Figma, Adobe, art-direction judgement and digital/social experience. The page states hybrid work and requires portfolio URL/password, salary expectation, office-day availability and work-permit answers; the body is Spanish and no English/Chinese requirement is stated.","Keep as a current Barcelona junior visual/art-direction opportunity with a real ATS route. Score below senior brand-system roles because it is agency/social-led, junior and Spanish-first, but the campaign, layout, video and visual-direction scope is materially relevant. Confirm daily language and office cadence before applying."
"current-main","56","238","Publicis Production / Publicis Groupe España","艺术指导（整合 Campaign）","Art Director","B","live","barcelona","巴塞罗那 / hybrid / 全职","english","brand","false","false","false","73","100","2026-07-10","https://careers.publicisgroupe.com/jobs/165712?lang=en-us","https://careers.publicisgroupe.com/jobs/165712?lang=en-us | https://www.linkedin.com/jobs/view/4438326367","Publicis Groupe's official requisition 165712 was checked on 2026-08-12. It remains indexed as Art Director, Barcelona, intermediate, hybrid, posted 2026-07-10 and offers an application route. The work covers integrated online/offline campaigns, graphic and motion design, Adobe, Figma and AI; a relevant degree or four-plus years and advanced English are required.","Verified Barcelona art-direction option: closer to campaigns and production than core VI ownership. Apply with integrated online/offline campaigns, concept-to-final craft, motion and client-presentation cases; confirm Spanish working language, contract terms and hybrid rhythm early."
"current-main","57","930885","Buzz Marketing Networks","艺术指导（品牌 Campaign 与视觉概念）","Director/a de arte","B","live","barcelona","Barcelona / 每周 2 天办公室 + 3 天远程 / 全职","spanish","brand","false","true","false","72.6","74","","https://es.linkedin.com/jobs/view/director-a-de-arte-at-buzz-agencia-creativa-digital-4442207926","https://es.linkedin.com/jobs/view/director-a-de-arte-at-buzz-agencia-creativa-digital-4442207926","Live/current. The exact LinkedIn employer detail 4442207926 and its current search result were opened on 2026-08-13. The role is not marked closed and the current result exposes a LinkedIn application route. The complete Spanish brief asks for five years of art-direction or similar experience and covers brand campaigns, moodboards, visual references, aesthetic universes, copy collaboration and design execution. Salary and an explicit language statement are absent.","Keep as a Spanish-first senior local option rather than a top recommendation. Apply with campaign concept, moodboard, art-direction and final-execution examples; confirm salary and whether professional Spanish is mandatory."
"current-main","58","156","Heroes / Boba","平面设计师（品牌、包装与电商）","Graphic Designer","B","live","barcelona","巴塞罗那 / hybrid / 每周至少 2 天办公室 / 全职","english","brand","false","true","false","72.1","102","","https://talent.makeheroes.co/jobs/7548413-graphic-designer","https://talent.makeheroes.co/jobs/7548413-graphic-designer","Current official Teamtailor detail was opened on 2026-08-09 and visibly shows Graphic Designer, Boba, Barcelona, Spain, Hybrid, Full-time and Apply for this Job. The role covers rebrands, packaging redesign, Amazon B+/A+/EBC/Brand Stores, ecommerce, social, email, print, product launches, photo/video and visual consistency across five consumer brands. It requires 4+ years of full-time graphic-design experience across packaging, digital, print and branding, Adobe CC and strong photo editing; the page explicitly requires working from the Barcelona office at least twice per week.","Promote to a live B-tier Barcelona brand-production opportunity at 102 points. This is one of the clearest practical matches for VI extended into ecommerce and retail: apply with packaging, Amazon/ecommerce, brand-guideline, social/email and light-video cases. Confirm salary, contract entity, daily office schedule and working language before accepting."
"current-main","59","996","PriorityChef","Amazon Creative Designer / 3D（电商视觉）","Amazon Creative Designer / 3D Creative Designer（本轮新增）","C","live","remote","Remote；Spain 资格待确认","english","ecommerce","false","true","false","71.6","84","","https://apply.workable.com/prioritychef/j/666D4E893E/apply/","https://apply.workable.com/prioritychef/j/666D4E893E/apply/","官方 Workable Apply 页面可打开，申请表直接问 Amazon creative formats、作品链接和 Blender/等效 3D 能力；公开索引显示近期发布，职责包括 hero images、A+ content、short product videos、store/social visuals；薪资、合同主体、工作时区未公开","先确认是否接受 Spain resident、合同/payroll、薪资、工作时区、3D 产能要求和测试是否付费，再决定是否投。若条件可接受，使用 e-commerce/packaging/product storytelling 入口，展示从品牌规范到 Amazon listing system 的一致性，而不是泛 VI。"
"current-main","60","928","Circle","高级品牌设计师（科技品牌系统与 Campaign）","Senior Brand Designer","B","live","remote","全球远程 / Spain 雇佣资格需确认","english","brand","false","true","false","71.1","106","2026-08-12","https://job-boards.greenhouse.io/circleso/jobs/5368490008","https://job-boards.greenhouse.io/circleso/jobs/5368490008 | https://careers.circle.so/","Official Greenhouse requisition 5368490008 was opened again on 2026-08-12 and shows Apply plus a complete application form. Circle describes itself as fully remote with team members in 30+ countries and says it seeks people around the world. The role requires 5+ years, English CEFR C2, Figma, Adobe and technology/SaaS/AI brand experience; cash compensation is USD100,000–120,000 per year.","An excellent exact brand-system match but a senior stretch. Apply with identity evolution, scalable multi-channel systems, product-launch narratives, campaign art direction and motion storyboards; confirm Spain employment/contractor eligibility, localised compensation, tax, benefits and timezone overlap before interviews."
"current-main","61","930822","Dragons Group","初级艺术指导（社媒优先与整合 Campaign）","Junior Art Director","B","live","barcelona","Barcelona / hybrid / 永久全职","english","brand","false","true","false","70.6","75","2026-08-12","https://dragons-group.factorialhr.com/job_posting/junior-art-director-317709","https://dragons-group.factorialhr.com/job_posting/junior-art-director-317709 | https://www.linkedin.com/jobs/view/4450107945","Official Factorial detail 317709 was opened on 2026-08-12. It shows Apply now, Permanent, Full time and Hybrid Barcelona. The full brief asks for 1–3 years, Adobe Creative Suite, Figma and fluent English; other languages are only a plus.","A strong early-career local English route. Most work is organic social and short-form platform creative, with smaller digital campaigns and support on integrated/experiential pitches, so rank it below direct brand-system roles but above Spanish-gated junior art-direction alternatives."
"current-main","62","375","Fail Fast Studio","高级动态设计师（2D / 3D / AI）","Senior Motion Designer","B","live","barcelona","巴塞罗那 / hybrid / 全职","spanish","motion","false","true","false","70.1","102","","https://www.failfast.design/jobs/senior-motion-designer","https://www.failfast.design/jobs/senior-motion-designer | https://www.seidor.com/es-es/talento/empleos/9272","Current official page was opened directly on 2026-08-09. It visibly lists Senior Motion Designer, Barcelona, Full-time, Hybrid, Senior, 5+ years and a live Apply now route. Work covers 2D/3D/AI motion, ads, explainers, promos, animated presentations, storyboards/styleframes and brand-guideline execution. It requires C1/C2 English, advanced Adobe/Cinema 4D and motion/post-production skill; salary and Spanish requirement are not stated.","Verified B-tier Barcelona senior motion role. It is a strong motion/brand-production match rather than a core VI-owner role. Apply in English with premium 2D/3D motion, styleframes, explainers and guideline-consistent campaign work; confirm compensation and hybrid cadence."
"current-main","63","867","Space Go","创意动态设计师（品牌 campaign / 社交广告）","创意动态设计师 / Creative Motion Grapher","C","live","barcelona","Sant Cugat del Vallès / 混合办公","spanish","digital","false","false","false","69.6","48","2026-07-26","https://es.linkedin.com/jobs/view/creative-motion-grapher-at-space-go-4440457390","https://es.linkedin.com/jobs/view/creative-motion-grapher-at-space-go-4440457390","Live/current: LinkedIn employer detail 4440457390 was opened and its JobPosting data read on 2026-08-12. It lists Creative Motion Grapher, Sant Cugat del Vallès, hybrid, posted 2026-07-29 and an active application route. The work covers 2D/3D motion, brand campaigns, identity-aligned animation, performance assets and AI workflows.","列 C 级资深挑战岗。方向和技术含量很强，但经验门槛及西语团队语境不适合当下优先于 devicenow、Stripe 或 Revolut。若资历足够，先用英文询问工作语言、临时合同期限和薪资；作品集应展示品牌动态规范、2D / 3D campaign、模板系统、短视频变体和转化导向迭代。"
"current-main","64","304","Vista / VistaPrint","AI LogoMaker UX 设计负责人（Logo、品牌创建与设计系统）","Lead UX Designer, AI Logomaker","C","live","remote","Spain 远程 / 官方职位 / 2026-07-22","english","digital","false","false","false","69.1","76","","https://jobs.vista.com/Vista/job/Lead-UX-Designer%2C-AI-LogoMaker-Spain%2C-Remote/1402572100/","https://jobs.vista.com/Vista/job/Lead-UX-Designer%2C-AI-LogoMaker-Spain%2C-Remote/1402572100/ | https://jobs.vista.com/talentcommunity/apply/1402572100/?locale=en_US","Official Vista page dated 23 Jun 2026 and shows Apply now; no Spanish requirement stated; salary/visa not disclosed","Owns UX for AI-assisted logo/brand creation and refresh flows, design system and brand-application experiences; 5+ years digital-product design, Figma/AI tools and portfolio. Apply entry was identified from the official page, though the application form itself was not fetchable in this pass; high-priority if product/brand-system work is acceptable."
"current-main","65","170","Dragons Group","高级 UX/UI 与网页设计师（品牌数字延展）","Senior UX/UI and Web Designer","C","live","barcelona","Barcelona / hybrid / 全职","english","digital","false","true","false","68.6","96","2026-03-10","https://joinus.dragons-group.com/jobs/senior-web-designer","https://joinus.dragons-group.com/jobs/senior-web-designer | https://joinus.dragons-group.com/jobs","Current official Dragons employer page was opened directly on 2026-08-10 and visibly shows Senior UX/UI and Web Designer, Apply, Barcelona, full-time and hybrid work. It was published 10 March 2026. The role translates brand identities into responsive websites, CMS experiences, digital design systems, web layouts and components, and works with developers. It requires 5+ years, Figma, responsive web/CMS, typography, HTML/CSS basics and a strong web portfolio; English is mandatory and Spanish preferred. The page gives no salary or Spain work-authorisation details.","Raise as a strong Barcelona brand-to-digital extension opportunity, below pure brand/VI leadership but above generic web production. Apply with brand-guideline-to-web case studies, design systems, responsive layouts and developer handoff; confirm salary, office cadence and contract terms."
"current-main","66","1038","Lodgify","动态设计师（品牌动效与可扩展模板）","Motion Designer (new)","B","live","remote","EMEA 远程 / 自由职业合同 / 总部 Barcelona","english","motion","false","false","false","68.1","99","","https://jobs.lever.co/lodgify/bf7591dc-3f23-4678-8387-a3d98cf4dc13","https://jobs.lever.co/lodgify/bf7591dc-3f23-4678-8387-a3d98cf4dc13 | https://jobs.lever.co/lodgify/bf7591dc-3f23-4678-8387-a3d98cf4dc13/apply","Current official Lever detail was opened directly on 2026-08-09. It visibly lists Motion Designer, EMEA, Remote, Freelance Contract and apply for this job. It covers end-to-end on-brand motion/video across marketing, campaigns, product storytelling and social; motion principles, reusable templates and scalable systems; After Effects/Premiere; and English-only applications. It states competitive pay in EUR and an annual company trip to Barcelona, but omits rate, Spain contractor/payroll route, duration, country list, tax entity and benefits by contract type.","Verified B-tier Europe-remote motion/brand-systems opportunity, but freelance rather than an assumed Spanish employment contract. Apply in English with motion principles, reusable systems and brand/product storytelling; first confirm Spain contractor eligibility, EUR rate, invoicing/tax, duration and expected workload."
"current-main","67","1026","Labhouse","营销视频剪辑师（性能广告 / AI 视频）","Marketing Video Editor（本轮新增）","C","live","barcelona","Barcelona / Spain remote; hybrid rhythm","spanish","motion","false","true","false","67.7","82","","https://jobs.ashbyhq.com/labhouse/ea18c7cd-95a9-437d-bbfe-d272680a9a30","https://jobs.ashbyhq.com/labhouse/ea18c7cd-95a9-437d-bbfe-d272680a9a30","官方 Ashby requisition `ea18c7cd-95a9-437d-bbfe-d272680a9a30` 的职位索引显示 Barcelona、Spain (Remote)、Full-time、Apply；职责和 offer 明确写 Remote from anywhere in Spain，Barcelona 可每周至少两天到 Tech City；当前索引仍可访问","负责 TikTok/Instagram/Facebook app ads，团队每周约 80 条视频，覆盖 hooks、pacing、retention、CTA、Premiere、After Effects、greenscreen、screen tracking、motion graphics 和 Seedance/Veo3/Kling/ElevenLabs/NanoBanana 等 AI 工具；英语和西语口语/书面为明确要求。先确认西语工作强度、每周到岗、薪资和 technical case；若可投，用 performance-video Reel 展示 15–30 秒广告、brand consistency、motion graphics、AI-assisted production、A/B variants 和结果数据，不要只发静态品牌页。"
"current-main","68","1024","DualEntry","高级动效设计师（品牌 / 产品 / Marketing）","Senior Motion Designer (Remote)（新 requisition；区别于历史 53197eb5 状态冲突记录）","C","live","remote","Remote EMEA / EU / LATAM / UK","english","motion","false","true","false","67.2","76","","https://jobs.ashbyhq.com/dualentry/564fa354-756d-4214-8f8c-32aa1c427f0f","https://jobs.ashbyhq.com/dualentry/564fa354-756d-4214-8f8c-32aa1c427f0f","官方 Ashby 新详情 ID 564fa354-756d-4214-8f8c-32aa1c427f0f 的索引显示 Remote (EMEA, NAMER, EU, LATAM, UK)、Full time、Apply 和薪资/股权。职责覆盖 marketing videos、motion graphics、product animations、social ads、app UI elements、motion style 定义，要求 7+ 年、After Effects、Figma、Lottie/Rive/3D 加分；正文注明与 New York HQ EST 重叠","先确认 Spain payroll/contract、实际 EST 重叠时段、薪资适用区间、股权条件、试做是否付费和工作强度。若可接受，用 motion-first 材料展示 brand motion system、logo/title/transition、marketing film、UI/product demo、Lottie/Rive、storyboard 到 final export 和 AI workflow；不要与旧的 New York onsite/状态冲突 requisition 混为一条。"
"current-main","69","930874","Ogilvy","数字与动态设计师（社媒视频 / 国际品牌延展）","Liquid Designer","B","live","barcelona","Barcelona / 混合办公 / 全职","english","motion","false","true","false","66.7","74","","https://es.linkedin.com/jobs/view/liquid-designer-at-ogilvy-4434548567","https://es.linkedin.com/jobs/view/liquid-designer-at-ogilvy-4434548567 | https://www.ogilvy.com/es/careers","Live/current: Ogilvy's employer-origin LinkedIn detail 4434548567 was opened and read in full on 2026-08-12. It shows Solicitar and a complete Barcelona brief. The role creates and adapts digital assets, Reels, TikTok and YouTube Shorts, video, animation and motion graphics while localising work for international markets and protecting brand consistency.","A solid formal Barcelona role for digital-brand extension rather than core VI ownership. It asks for two to four years, at least two years in an agency, Adobe, After Effects and Figma. The public brief does not state a language requirement, salary or work-authorisation policy, so confirm those before a time-intensive application."
"current-main","70","990","Revolut","动态设计师（Brand Studio / Spain remote）","Motion Designer（本轮新增，verify-first）","C","verify","remote","Spain remote（官方详情待重新打开）","english","digital","false","true","false","66.2","78","","https://www.revolut.com/en-CY/careers/position/motion-designer-5f707767-cb4d-484f-82ee-fff6afbfbfd6/","https://www.revolut.com/en-CY/careers/position/motion-designer-5f707767-cb4d-484f-82ee-fff6afbfbfd6/","Official Revolut search result shows the role, “Remote: Porto · Portugal · Spain · UAE”, “Apply for this role” and Brand Studio motion-design scope. Direct official page returned a cache miss in this pass, so do not treat the page as fully re-opened until the ATS loads; no third-party application.","Keep as B verify-first. Reopen directly before submitting; confirm Spain payroll, seniority, salary, portfolio requirements and whether the work is brand-system motion, product motion or social production. Apply only through revolut.com and use the motion-first CV once the page is stable."
"current-main","71","930815","SIDN Digital Thinking","平面设计师（信息设计与数字营销视觉）","Graphic Designer","C","live","remote","Spain 全远程 / Barcelona 有办公室 / 永久全职","spanish","digital","false","true","false","65.7","71","2026-08-12","https://sidn.factorialhr.com/job_posting/graphic-designer-285667","https://sidn.factorialhr.com/job_posting/graphic-designer-285667","Official Factorial detail opened on 2026-08-12. It shows a current indefinite, full-time, remote vacancy and an active application control. The Spanish-language brief requires 3–5 years and a portfolio showing information design and complex visual assets.","A real Spain-remote graphic-design opportunity with a Barcelona office, but it is Spanish-first and closer to digital marketing, information design and pitch decks than pure VI ownership. Apply only with workable professional Spanish and relevant campaign, infographic and presentation cases."
"current-main","72","1036","Algofy / official careers","","Graphic & Web Designer (new)","C","live","remote","远程 / 欧洲","unknown","production","false","true","false","65.2","72","","https://www.algofy.com/careers","https://www.algofy.com/careers | https://es.linkedin.com/jobs/view/graphic-designer-at-we-are-stellar-4435552706","Official Algofy careers page lists the role for España with Apply Here and describes digital marketing graphics/video, websites, branding, print and packaging. Current page does not expose salary, exact city, contract entity or a stable ATS requisition ID; the linked employer application is LinkedIn, so verify-first","Worth one concise English inquiry/application if performance creative and web/packaging work are credible. Show a brand system plus paid-social static/motion variants, web/email assets and packaging; ask Spain payroll/entity, exact hybrid/remote rhythm, salary, contract and whether this is the same role advertised as We Are Stellar/Algofy. Do not spend a pure VI-only application on it."
"current-main","73","930718","Capitole","邮件与数字设计系统设计师","Email Designer","C","live","barcelona","Barcelona 及周边 / 全职","unknown","digital","false","true","false","64.7","86","2026-08-05","https://es.linkedin.com/jobs/view/email-designer-at-capitole-4438065600","https://es.linkedin.com/jobs/view/email-designer-at-capitole-4438065600 | https://www.capitole-consulting.com/","Live/current: LinkedIn employer detail 4438065600 was opened and its JobPosting data read on 2026-08-12. It lists Email Designer, Barcelona area, full-time, posted 2026-07-15 and a current application route. The role builds responsive email assets, evolves an email design system, designs in Figma and maintains visual brand consistency.","Recover as a specialised digital-brand route. It is more HTML/CSS, AMPscript and Salesforce Marketing Cloud than general graphic design, so rank below broader brand/VI jobs."
"current-main","74","930824","Dragons Group","中级平面设计师（高端护肤与生活方式品牌）","Mid Graphic Designer","C","live","barcelona","Barcelona / hybrid / 永久全职","spanish","brand","false","true","false","64.2","74","2026-08-08","https://dragons-group.factorialhr.com/job_posting/mid-graphic-designer-301879","https://dragons-group.factorialhr.com/job_posting/mid-graphic-designer-301879 | https://dragons-group.factorialhr.com/apply/mid-graphic-designer-301879 | https://www.linkedin.com/jobs/view/4451046673","Official Factorial detail 301879 was opened on 2026-08-12 and shows Apply now, Permanent, Full time and Hybrid Barcelona. The brief requires 4–8+ years, advanced retouching/compositing, social and digital campaign systems, brand-guideline consistency, AI image tools, fluent Spanish and fluent English.","A real local brand-extension role, but the Spanish requirement and 4–8+ year experience range are material gates. Apply only with premium consumer-brand, campaign toolkit, retouching, compositing and AI-assisted production cases."
"current-main","75","88","Dragons Group","平面设计负责人（品牌系统与团队管理）","Lead Graphic Designer","C","live","barcelona","Barcelona / hybrid / permanent / 全职","spanish","brand","false","true","false","63.7","76","2026-08-13","https://dragons-group.factorialhr.com/job_posting/lead-graphic-designer-301871","https://dragons-group.factorialhr.com/job_posting/lead-graphic-designer-301871 | https://www.linkedin.com/jobs/view/4436198704","The exact official Factorial requisition 301871 was opened and read in full on 2026-08-13. It shows Apply now, Permanent, Full time and Hybrid Barcelona. The role translates brand strategy into scalable design systems, protects quality across touchpoints, leads designers and owns complex FMCG and 360-campaign delivery. Spanish and English are both mandatory.","Promote from an unverified LinkedIn card to a current official-ATS opportunity, but retain a strong gate penalty. Apply only with 7-8 years, professional Spanish and English, FMCG brand systems, team leadership, client presentations and complex multi-market campaign ownership."
"current-main","76","930831","INCAPTO","平面设计师（包装与产品视觉）","Graphic Designer — Packaging & Product","B","live","barcelona","Barcelona / hybrid 3-2 / 全职","spanish","production","false","true","false","63.2","70","2026-08-05","https://www.linkedin.com/jobs/view/4448984689/","https://www.linkedin.com/jobs/view/4448984689/","Current LinkedIn employer detail 4448984689 was opened and read on 2026-08-12. It shows active review and Easy Apply. The complete brief covers coffee, machine and accessory packaging, bags, labels, sleeves, boxes, inserts, dielines, specifications, printers and suppliers, regulatory iconography, manuals and product-page infographics.","A solid local packaging and brand-implementation match. The role explicitly requires 2–4 years, a portfolio, Adobe, print/final-art/vendor knowledge, and fluent Spanish plus English. Apply only with packaging systems, final artwork, production handoff and product-communication cases."
"current-main","77","864","Grup Ametller Origen","包装艺术负责人（品牌治理与生产落地）","包装艺术负责人 / LIDER D'ART EN PACKAGING","C","verify","barcelona","Olèrdola / Numància，混合办公","english","brand","false","true","false","62.8","78","2026-07-26","https://ametllerorigen.wd3.myworkdayjobs.com/es/CareerSite/job/TCNIC-A-D-ART-EN-PACKAGING_JR106376","https://ametllerorigen.wd3.myworkdayjobs.com/es/CareerSite/job/TCNIC-A-D-ART-EN-PACKAGING_JR106376 | https://corp.ametllerorigen.com/es/trabaja-con-nosotros/ | https://es.indeed.com/viewjob?jk=3eb6ced14f3dc5cf","Verify-first: the indexed official Workday result for requisition JR106376 says T脠CNIC/A D鈥橝RT EN PACKAGING, Ol猫rdola, Hybrid, Full time, recent publication and Solicitar, with packaging execution, brand consistency, prepress and print-production scope. However, the exact official Workday URL was opened directly on 2026-08-09 and visibly returned 鈥淟a p谩gina que busca no existe鈥? Do not label it live until the employer route is restored or a fresh official requisition is confirmed.","Keep as a C-tier verification card, not a direct-apply recommendation. The role is materially relevant to packaging and physical VI, but the official application URL currently fails; confirm through Ametller HR or a newly indexed Workday requisition before using it."
"current-main","78","863","Grup Ametller Origen","数字平面设计专员（品牌数字延展）","数字平面设计专员 / TÈCNIC/A DISSENY GRÀFIC DIGITAL","C","live","barcelona","Olèrdola / 每周 2 天远程","spanish","digital","false","true","false","62.3","88","2026-07-26","https://es.linkedin.com/jobs/view/t%C3%A8cnic-a-disseny-gr%C3%A0fic-digital-at-grup-ametller-origen-4436341060","https://es.linkedin.com/jobs/view/t%C3%A8cnic-a-disseny-gr%C3%A0fic-digital-at-grup-ametller-origen-4436341060 | https://ametllerorigen.wd3.myworkdayjobs.com/es/CareerSite","Live/current: LinkedIn employer detail 4436341060 was opened and its JobPosting data read on 2026-08-12. It lists TÈCNIC/A DISSENY GRÀFIC DIGITAL in Olèrdola, posted 2026-07-24, with an active application route. The role covers paid campaigns, social, newsletters, short video, motion and digital brand consistency; the office requires a car and the six-month contract may extend to one year.","列 C 级挑战岗。工作内容几乎正中“品牌视觉向数字端延展”，但加泰语团队语境、Olèrdola 通勤和自有车辆都是现实门槛。若能用英语完成初次沟通，可先询问日常会议能否使用英语、是否接受 Barcelona 候选人、远程两天如何安排及薪资；得到肯定答复后再发数字 campaign、社媒系统、newsletter、短视频和 motion 作品集。"
"current-main","79","856","SYNERGIE ESPAÑA / 未公开零售客户","零售与电商品牌平面设计师","平面设计师（零售、电商与品牌全渠道） / Diseñador gráfico","C","live","barcelona","Castellgalí / 现场办公 / 无固定期限全职","spanish","brand","false","true","false","61.8","81","2026-07-25","https://es.linkedin.com/jobs/view/dise%C3%B1ador-gr%C3%A1fico-at-synergie-espa%C3%B1a-4442614068","https://es.linkedin.com/jobs/view/dise%C3%B1ador-gr%C3%A1fico-at-synergie-espa%C3%B1a-4442614068","Live/current: LinkedIn employer detail 4442614068 was opened and its JobPosting data read on 2026-08-12. It lists a full-time indefinite on-site Graphic Designer in Castellgalí, posted 2026-07-21, salary EUR23,000 and an active application route. Work covers retail, e-commerce, campaigns, newsletters, banners, landing pages, video and final artwork.","列 C 级挑战岗。职位本身正式且方向准确，但当前西语会直接影响会议、brief、供应商和零售团队沟通；只有能达到工作西语时再投。作品集应放零售 campaign、POS、落地页、newsletter、社媒视频和一套跨线上线下品牌系统。申请前问清真实雇主、具体地址、试用期和是否有任何混合办公。"
"current-main","80","279","DORTOKA disseny","平面与 Web 设计师","Dise帽ador/a gr谩fico/a - dise帽o web","C","live","barcelona","Barcelona / Badalona / 现场全职","spanish","digital","false","false","false","61.3","80","2026-08-05","https://www.linkedin.com/jobs/view/4448026093","https://www.linkedin.com/jobs/view/4448026093 | https://www.dortoka.com/es/disenador-grafico-web/ | https://www.dortoka.com/es/trabaja-con-nosotros/ | mailto:dortoka@dortoka.com","A new LinkedIn employer requisition 4448026093 was opened on 2026-08-12 and shows Diseñador/a gráfico/a - web, Barcelona, posted one week ago, onsite, full-time and Solicitar en el sitio web de la empresa. DORTOKA's official role detail, official CV form and direct email remain available.","Current and local, with two or more years requested. The scope covers logos, campaigns, stationery, brochures, posters, websites, catalogues, branding, web, UX/UI, WordPress, ecommerce, HTML/CSS and motion tools. Apply in Spanish or bilingual form and confirm salary, office location and the design-versus-front-end split."
"current-main","81","12","turbopuffer","综合设计师（产品、品牌、Web 与营销）","Designer","B","live","remote","欧洲远程 / 全职；Spain 合同需确认","english","brand","false","true","false","60.8","94","","https://jobs.ashbyhq.com/turbopuffer/f3d9a49d-7ec1-4d9b-8dd2-d55bf05f32f6","https://jobs.ashbyhq.com/turbopuffer/f3d9a49d-7ec1-4d9b-8dd2-d55bf05f32f6","Current official Ashby page was rechecked on 2026-08-09 through the indexed role content and exposes Designer, Canada/US/Europe, Full time, Remote and Apply for this Job. It is turbopuffer's first-in-role designer, owning product, brand, web, blog, IRL and campaign surfaces; evolving the visual identity; partnering with product engineers, GTM and growth; and shipping rather than handing off static mocks. It requires craft, range across brand/product/web/marketing or design engineering, technical fluency with Tailwind/Claude Code/Cursor and independent execution. Language and compensation are not published.","Promote to a B-tier Europe-remote digital-brand opportunity at 94 points. Apply only if the portfolio can show brand-system evolution, web/product visual design and production collaboration; the technical shipping gate is material, and Spain employment eligibility, salary and working language still need confirmation."
"current-main","82","859","Stripe / Brand Studio","品牌动态设计师（Identity 动态系统）","品牌动态设计师—Stripe Identity / Motion Designer, Stripe Identity","A","live","barcelona","Barcelona 混合办公 / 西班牙远程","english","digital","false","true","false","60.3","120","","https://stripe.com/careers/listing/motion-designer-stripe-identity/7769564","https://stripe.com/careers/listing/motion-designer-stripe-identity/7769564 | https://stripe.com/careers/apply/motion-designer-stripe-identity/7769564","Current official Stripe detail was opened directly on 2026-08-09 and visibly shows Apply now. It lists Office location Barcelona, Remote location Remote in Spain and Full time. The Brand Studio Identity role defines and maintains a motion system (principles, timing tokens, guidelines and reusable components) across the brand ecosystem. It requires 5+ years of relevant motion-design experience, After Effects plus Cinema 4D or Houdini, AI tools and Adobe; salary range in the primary location is EUR74,800鈥?12,200 and another-location range must be requested in interview. Spanish and sponsorship are not stated.","Verified high-seniority Barcelona/Spain-remote brand-motion role. Use an English, system-level motion portfolio with identity principles, tokens/components, product animation and campaign extension; confirm remote compensation, work authorization and office rhythm before interview."
"current-main","83","778","巴塞罗那华人广告公司（主体待核实）","华人广告公司全职平面设计师（8 月持续重发）","Full-time Graphic Designer","C","verify","barcelona","Barcelona / 全职 / 地址与公司主体待核实","chineseCheck","production","true","true","false","59.8","64","2026-08-06","https://www.es02.com/jobs/Recruitment/barcelona/i184673.html","https://www.es02.com/jobs/Recruitment/barcelona/i184673.html","Restored after current repost evidence. The same publisher and contact posted the exact Barcelona full-time graphic-designer vacancy again on ES02 on 2026-08-03, 2026-08-05 and 2026-08-06. The latest original detail 184673 is readable and asks for design experience, AI/Illustrator, valid work residence and states full social insurance. It provides Chinese WeChat A644055418 and phone +34 644 055 418, but no employer name, CIF, address, salary, hours, contract type or working-language detail.","Restore one canonical current card, not three duplicate seats. First ask in Chinese for the company legal name/CIF, exact address, current vacancy confirmation, duties, salary, hours, contract, probation, paid test policy and daily working language. Do not send passport, residence-card scans or editable source files before the employer identity and written terms are verified."
"current-main","84","1107","THRU","平面设计师（品牌动态与 Motion）","Graphic Designer with Motion Skills","B","verify","barcelona","巴塞罗那市 / 现场为主 / 周五部分远程 / 全职","english","brand","false","true","false","59.3","108","","https://thrumotion.com/jobs/","https://thrumotion.com/jobs/ | mailto:jobs@thrumotion.com","Verify before investing in the application: THRU's current jobs page still contains the full Graphic Designer with Motion Skills brief, Barcelona onsite/Friday-remote terms, a 2026-09-15 closing date, the motion exercise and jobs@thrumotion.com application instructions. However, the same page footer also says NO JOB OPENINGS, so the studio should confirm by email that applications are still being accepted before the candidate completes the unpaid recreation exercise.","Keep this high-fit Barcelona motion-brand role in the review queue, not as fully confirmed live. First send a short email asking whether the vacancy and exercise are current; only complete the After Effects task after written confirmation, and ask whether the exercise is used solely for hiring evaluation."
"current-main","85","1011","JustMarkets","设计负责人（品牌识别 × 产品设计系统）","Head of Design","B","live","remote","Europe 远程 / Spain 雇佣资格需确认","english","brand","false","false","false","58.8","100","","https://job-boards.eu.greenhouse.io/justmarkets/jobs/4923247101","https://job-boards.eu.greenhouse.io/justmarkets/jobs/4923247101","Current official Greenhouse detail was opened directly on 2026-08-10 and visibly shows Head of Design, Europe, Apply and a live application form. The role owns visual identity, brand-level art direction and product design as one design language; leads Product, Graphic, Web and Motion; defines brand identity and visual strategy; builds brand guidelines/design systems and drives AI-tool adoption. It asks for 5+ years of multidisciplinary design leadership, a portfolio across brand/visual and product design, expert Figma/Adobe and English-facing leadership. The page says remote work is an opportunity but does not state Spain payroll, salary or work authorisation.","Keep as a B-tier Europe-remote senior leadership route. The brand/VI match is exceptionally strong, but the head-of-design leadership, product-design and AI-transformation requirements are substantial; confirm Spain employment eligibility and seniority before applying."
"current-main","86","445","Playson","高级营销设计师（品牌书、Campaign 与数字延展）","Marketing Designer","C","live","remote","European Union 全远程 / 全职","english","digital","false","true","false","58.3","90","","https://jobs.ashbyhq.com/playson/bc40b62a-dd3f-4a33-b4ee-ba1cf642bb19","https://jobs.ashbyhq.com/playson/bc40b62a-dd3f-4a33-b4ee-ba1cf642bb19","Official Ashby page is live with Apply; EU remote location; no Spanish requirement surfaced; salary not published; seniority is mixed in the copy, so confirm whether the role is mid-level or senior and whether Spain payroll is accepted","Creates brand-identity assets, game/product launch visuals, partner promo sets, banners, landing pages, storyboards and animated marketing materials; Adobe/Figma/motion and iGaming experience valued. Good Spain-eligible fallback for fast digital brand production, but industry fit and contractor/payroll details require confirmation."
"current-main","87","1029","Together","高级品牌设计师（B2B 科技 / 品牌系统）","Senior Brand Designer（本轮新增）","B","live","remote","Remote UK & Europe; Spain employment terms to confirm","english","brand","false","true","false","57.9","110","","https://together.agency/careers/senior-brand-designer/","https://together.agency/careers/senior-brand-designer/","Current application is open: the official Together page was opened directly on 2026-08-09 and visibly lists Senior Brand Designer, Remote UK & Europe, Apply now with a working application form, and salary GBP40,000-65,000. It leads/evolves B2B-tech brand identities, creative concepts and scalable brand systems across brand, web and product. It requires 8+ years, a strong identity/system portfolio, Figma, Adobe CC, creative AI and English; specific Spain contract/payroll/visa terms are not stated.","Verified high B-tier Europe-remote brand-system opportunity. This is an exact identity/system match, but seniority is a major gate and Spain employment terms must be confirmed. Apply in English with 8+ years of robust brand systems, B2B-tech, product/web integration and leadership evidence."
"current-main","88","188","eseOese","艺术指导（时尚品牌与 360° Campaign）","Art Director","B","live","barcelona","Barcelona 22@ / 现场全职","english","brand","false","true","false","57.4","104","2026-06-25","https://jobs.eseoese.com/jobs/art-director-48acdfae-9231-4ff0-b658-cd6af24b41f5","https://jobs.eseoese.com/jobs/art-director-48acdfae-9231-4ff0-b658-cd6af24b41f5 | https://es.linkedin.com/jobs/view/art-director-at-eseoese-4433079676","Current official role verified on 2026-08-09. The role-specific eseOese ATS detail 48acdfae-9231-4ff0-b658-cd6af24b41f5 was opened directly and visibly shows Barcelona, full-time, onsite, publication 2026-06-25 and 鈥溌plica ahora!鈥? It assigns creative direction for campaigns, editorials, launches and events; shooting concept through post-production; brand storytelling; digital content, landings, newsletters, retail, visual merchandising and events; cross-functional work with marketing/e-commerce/product; and internal/external collaborator coordination. It asks for 4+ years, campaign/editorial/branding portfolio, Adobe and medium-high English; Spanish is not stated as a hard requirement.","Verified Barcelona B-tier brand-direction opportunity. It is highly relevant to visual identity and 360 brand expression, but the centre is fashion/lifestyle art direction, storytelling and production rather than a pure VI-system graphic-designer role; onsite work and 4+ years are material gates. Apply only with campaign, editorial, branding, retail/VM and end-to-end shoot cases, and confirm salary, Spanish day-to-day expectations, office cadence and work authorisation."
"current-main","89","930888","VML","艺术指导（品牌识别、整合 Campaign 与 AI）","Art Director","C","live","barcelona","Barcelona / hybrid（通常每周约 4 天办公室）/ 全职","spanish","brand","false","true","false","56.9","58","2026-08-06","https://es.linkedin.com/jobs/view/art-director-at-vml-4441238571","https://es.linkedin.com/jobs/view/art-director-at-vml-4441238571","Live/current. The exact LinkedIn employer detail 4441238571 was opened on 2026-08-13. It visibly shows Barcelona and Solicitar and is not marked closed. The role leads campaign visual direction and brand identity from concept through execution and asks for 5-6+ years in a creative agency, Adobe, AI tools, portfolio and client presentation skills. Medium-high English and Catalan are explicit requirements; Figma, motion and video are valued.","Relevant work, but Catalan plus 5-6 years of agency art direction are hard gates. Keep below accessible English-first and junior/mid roles; only apply if both requirements are genuinely met."
"current-main","90","922","Solidgate","高级平面设计师（品牌与营销）","Senior Graphic Designer","B","live","remote","欧洲远程 / Spain payroll 需确认","english","brand","false","true","false","56.4","86","","https://solidgate.com/careers/b50d66c3-dace-489f-bcc9-6c9e62fc4631/","https://solidgate.com/careers/b50d66c3-dace-489f-bcc9-6c9e62fc4631/","Rechecked directly on 2026-08-09: official Solidgate detail visibly shows Senior Graphic Designer, Remote, Europe and Apply now. It is a full-time Marketing & Comms role covering brand principles, campaigns, email, social, sales decks, events and visual assets, with motion/video/3D/generative-AI work; it requires 3+ years, branding fundamentals and English B1+. The detail does not state a Spain entity, Spain payroll, tax arrangement, salary or relocation. Europe remote is explicit, but Barcelona-local eligibility is not.","Keep as a Europe-remote B-tier backup, never as a Barcelona-local job. It is a genuine current application, but confirm Spain-resident contracting and compensation before investing in a tailored portfolio. Apply with brand guidelines, multi-channel campaign, deck/event and motion/AI examples in English."
"current-main","91","483","Act Second","高级品牌与营销设计师（兼职远程）","Senior Associate Designer","B","live","remote","Barcelona 可远程 / 兼职 / EST 工作时段","english","brand","false","false","false","55.9","98","","https://jobs.workable.com/view/7GYR1v43NiHw2zNCx1tPqc/remote-senior-associate-designer-in-barcelona-at-act-second","https://jobs.workable.com/view/7GYR1v43NiHw2zNCx1tPqc/remote-senior-associate-designer-in-barcelona-at-act-second","Live/current: the official Workable detail was reopened on 2026-08-12 and shows Remote, Barcelona, Part-time, posted two months ago and Apply now. It requires 6+ years, native/fluent English and EST business-hour availability.","Refresh the canonical remote senior/part-time option. The brand and Figma-system scope is useful, but six years, EST hours and unclear pay/contract conditions reduce practical fit."
"current-main","92","958","Remedy Edge Spain / Omnicom Health","平面设计实习生（Logo、品牌指南与数字物料）","Graphic Designer Trainee","C","live","barcelona","Barcelona 现场 / 6 个月全职带薪实习","english","brand","false","true","true","55.4","70","","https://job-boards.greenhouse.io/omnicomhealth/jobs/5207339008","https://job-boards.greenhouse.io/omnicomhealth/jobs/5207339008","Omnicom Health's official Greenhouse requisition 5207339008 was opened on 2026-08-12 and shows Apply, a complete form and Submit application. It is a paid six-month full-time Barcelona internship covering editorial, landing pages, banners, web, social, logos and brand guidelines. Advanced Adobe and English are required, as is a school or university agreement.","Keep as a C-tier secondary internship card at 70 points, outside the stable/formal default. It is useful only if a university agreement and six-month full-time on-site commitment are possible; otherwise skip it. Do not let its exact brand/VI keywords inflate it above formal Barcelona roles."
"current-main","93","930845","Omnicom Health / Remedy Edge","自由职业 PowerPoint 视觉设计师","Freelance PowerPoint Specialist","C","live","barcelona","Barcelona / hybrid 每周到岗 3 天 / freelance","english","digital","false","false","false","54.9","70","","https://job-boards.greenhouse.io/omnicomhealth/jobs/5233982008","https://job-boards.greenhouse.io/omnicomhealth/jobs/5233982008","Official Greenhouse requisition 5233982008 was opened and read in full on 2026-08-12. It shows Apply for this job, a complete application form and Submit application. The role asks for at least two years of advanced PowerPoint work, a portfolio plus a PowerPoint sample, working English and three office days per week. The page does not expose a publication date.","A genuine local visual-production route, especially for presentation systems and complex information design, but not a core VI role. Apply only with polished deck systems, visual storytelling and reusable templates; confirm day rate, project duration, payment terms and expected Spanish usage."
"current-main","94","930823","Factorial","付费广告动态设计师（全球市场）","Marketing Paid Motion Designer — Global Markets","C","live","barcelona","Barcelona / 永久全职 / €30,000–35,000","english","motion","false","true","false","54.4","63","2026-08-10","https://careers.factorialhr.com/job_posting/marketing-paid-motion-designer-global-markets-316734","https://careers.factorialhr.com/job_posting/marketing-paid-motion-designer-global-markets-316734 | https://www.linkedin.com/jobs/view/4451516366","Official Factorial detail 316734 was opened on 2026-08-12 and shows Apply now, Permanent, Full time, Barcelona and EUR30,000–35,000. The role produces high-volume motion ads for Meta, TikTok, YouTube and display, translates brand essence into visual assets and uses performance data and AI tools to iterate.","This is a new global-markets requisition, not the closed Spanish-market role. It is performance-motion first rather than core VI, but the English-only route, real salary and Barcelona contract make it a credible secondary opportunity."
"current-main","95","1002","Pocket Worlds / Highrise","Motion Designer（Marketing / Highrise）","Motion Designer (Marketing) — Highrise（本轮新增）","C","live","remote","Remote International；European time zone preferred","english","motion","false","true","false","53.9","70","","https://jobs.ashbyhq.com/Pocket%20Worlds/74595b01-1f77-4f25-af76-9423c49e5d88","https://jobs.ashbyhq.com/Pocket%20Worlds/74595b01-1f77-4f25-af76-9423c49e5d88","官方 Ashby 索引显示 Full-time、Remote、Remote International、Marketing，负责 Meta/TikTok/Google/App Store/Google Play 的静态与动效广告，从 concept、asset sourcing、animation、editing、music/sound 到 final output 全流程；After Effects、AI workflow 和 performance iteration 重要。直接 Ashby 页面本轮为 JavaScript shell。","先确认 Europe/Spain payroll、团队时区、薪资、广告测试 KPI 和是否需要游戏/数字时尚经验。若投递，材料要用 performance motion 版本：hook、前 3 秒、静态/动态变体、A/B 迭代和最终投放结果，不要只发品牌静态页。"
"current-main","96","275","Factorial","创意负责人（付费获客与 AI 生产）","Creative Lead/Strategy 鈥?Paid Acquisition","C","live","barcelona","Barcelona / 现场 / 全职","english","social","false","true","false","53.4","88","","https://es.linkedin.com/jobs/view/creative-lead-strategy-%E2%80%93-paid-acquisition-at-factorial-4429234870","https://es.linkedin.com/jobs/view/creative-lead-strategy-%E2%80%93-paid-acquisition-at-factorial-4429234870 | https://factorial.com/careers","Live/current: LinkedIn employer detail 4429234870 was opened and its JobPosting data read on 2026-08-12. It lists Creative Lead/Strategy - Paid Acquisition, Barcelona on-site, full-time, posted 2026-07-29 and an active application route. It leads designers, video editors and AI artists and requires 5+ years plus fluent English.","Recover as an English-accessible Barcelona creative-lead stretch, but rank below individual-contributor design roles because the job is performance strategy and team leadership."
"current-main","97","162","HP","平面设计师（实际偏市场传播与物料统筹）","Graphic Designer","C","live","barcelona","Sant Cugat del Vallès / hybrid / full-time","english","production","false","true","false","53","66","2026-08-08","https://hp.wd5.myworkdayjobs.com/en-US/externalcareersite/job/Sant-Cugat-del-Valles-Barcelona-Spain/Graphic-Designer_3165191-1","https://hp.wd5.myworkdayjobs.com/en-US/externalcareersite/job/Sant-Cugat-del-Valles-Barcelona-Spain/Graphic-Designer_3165191-1","HP's official Workday requisition 3165191 was opened on 2026-08-12 and shows Apply, Sant Cugat del Valles, Full time, Posted 4 Days Ago and an active application route. The title says Graphic Designer, but the detailed responsibilities are mainly marketing collateral, customer-reference management, awareness and promotional programmes, communications planning, measurement, budgets and agency coordination. Four to seven years in direct marketing, communications or a related field is recommended; no design software, salary, Spanish requirement or sponsorship policy is published.","Add to the reviewed Barcelona board, but keep below genuine brand/VI roles. It may suit a designer with strong marketing-communications and programme-management evidence; do not assume the day-to-day is hands-on graphic design. Confirm portfolio expectations, actual creative-production share, working language, salary, hybrid days and work authorisation before applying."
"current-main","98","930825","Dragons Group","视频剪辑与动态创意（品牌内容）","Video Editor & Motion Creative","C","live","barcelona","Barcelona / hybrid / 永久全职","english","motion","false","true","false","52.5","70","2026-08-06","https://dragons-group.factorialhr.com/job_posting/video-editor-motion-creative-308034","https://dragons-group.factorialhr.com/job_posting/video-editor-motion-creative-308034 | https://dragons-group.factorialhr.com/apply/video-editor-motion-creative-308034 | https://www.linkedin.com/jobs/view/4448084343","Official Factorial detail 308034 was opened on 2026-08-12 and shows Apply now, Permanent, Full time and Hybrid Barcelona. The brief requires 3–5 years, Premiere Pro, After Effects and strong English; other languages are only a plus.","A credible English-friendly local motion route. Video editing is the primary craft and motion is complementary, so keep it below direct VI and graphic-system roles; apply with branded short-form storytelling, campaign edits and restrained motion systems."
"current-main","99","930881","Dragons Group","高级视频剪辑与动态创意（品牌内容）","Senior Video Editor & Motion Creative","C","live","barcelona","Barcelona / hybrid / permanent / 全职","english","motion","false","true","false","52","68","2026-08-13","https://dragons-group.factorialhr.com/job_posting/senior-video-editor-motion-creative-308042","https://dragons-group.factorialhr.com/job_posting/senior-video-editor-motion-creative-308042 | https://www.linkedin.com/jobs/view/4436304499","The current Dragons official jobs board and exact Factorial requisition 308042 were checked on 2026-08-13 and show a current Apply now route for Senior Video Editor & Motion Creative in hybrid Barcelona. The full employer LinkedIn brief covers campaign films, TVCs, social, branded content, motion graphics, animation, moodboards, AI workflows and collaboration with 3D artists. Fluent English is required; other languages are only a plus.","Keep as a real but secondary motion opportunity: it is editor-first rather than VI-first and requires 7+ years. Apply only with senior campaign-film editing, premium consumer-brand storytelling, Premiere Pro, After Effects and motion-design depth; use the official ATS rather than third-party reposts."
"current-main","100","1092","Codeway / Dramapops","营销动态设计师（短剧广告）","Marketing Artist - Dramapops","C","live","barcelona","Barcelona / hybrid / 全职 / 可提供签证与搬迁支持","english","social","false","true","false","51.5","82","","https://jobs.ashbyhq.com/codeway/d62c23b7-34cc-494a-8d43-38ea8338f01d","https://jobs.ashbyhq.com/codeway/d62c23b7-34cc-494a-8d43-38ea8338f01d | https://jobs.ashbyhq.com/codeway/d62c23b7-34cc-494a-8d43-38ea8338f01d/application","Live/current: Codeway's official Ashby board and requisition d62c23b7-34cc-494a-8d43-38ea8338f01d were read on 2026-08-12. It lists Marketing Artist - Dramapops, Barcelona hybrid, full-time, posted 2026-07-06 and a complete application route. The work is paid-social video, motion, AI video and performance creative for Meta, TikTok and YouTube.","Recover as a current Barcelona motion/performance-design route. It is social acquisition rather than VI, but needs only 2+ years and offers visa/relocation support."
"current-main","101","930869","NEWEYES TECH S.L.","多媒体设计与内容创作","Diseñador/a multimedia y creador de contenido","C","live","barcelona","Barcelona / 现场办公 / 无固定期限全职","spanish","social","false","true","false","51","68","2026-08-12","https://www.infojobs.net/barcelona/disenador-multimedia-creador-contenido/of-i804585b03e499db184a0d6f14716bf","https://www.infojobs.net/barcelona/disenador-multimedia-creador-contenido/of-i804585b03e499db184a0d6f14716bf","Live/current: the original InfoJobs detail i804585b03e499db184a0d6f14716bf was opened and read in full on 2026-08-12. It says published again ten hours ago, still shows Inscribirme en esta oferta and has an active application route. The role covers social content, video editing, digital graphics, campaign planning, CapCut, Adobe and AI tools.","A current Barcelona content-design backup rather than a core VI role. It requires 2+ years, advanced English, on-site work, social account experience, Adobe, CapCut and comfort appearing on camera; salary is EUR25k-28k. Apply with short-form video, motion, digital campaign and AI-production examples."
"current-main","102","886","JUNGLE / MeMe","社交媒体剪辑与视觉设计","Video Social Editor MeMe Barcelona","C","live","barcelona","巴塞罗那 / Calle Álava 111","unknown","social","false","true","false","50.5","90","2026-08-10","https://wejungle.factorial.es/","https://wejungle.factorial.es/ | https://es.linkedin.com/jobs/view/video-social-editor-meme-barcelona-at-jungle-4441503440","Live/current: the employer's current Factorial board and specific LinkedIn detail 4441503440 were checked on 2026-08-12. The Barcelona role remains open with Solicitar/Inscríbete, an indefinite full-time contract, C/ Álava 111 and a published EUR23k-28k salary band. It combines art direction, graphic design, logos, supers, boards, presentations, short-form video, Adobe, CapCut/Premiere and generative AI.","Recover as a current secondary Barcelona visual-content role. It is social-first rather than VI ownership, and the Spanish-first workflow must be confirmed, but the hands-on design/video scope, salary and application route are concrete."
"current-main","103","930818","Infor","多渠道品牌设计实习（指南、提案、Web 与基础视频）","Multi-Channel Brand Design Intern","C","live","barcelona","Barcelona / hybrid / 全职实习 / requisition 49130","english","brand","false","true","true","50","88","2026-07-29","https://careers.infor.com/postings/c306345c-2d35-4690-ac99-65d2bb4c7310","https://careers.infor.com/postings/c306345c-2d35-4690-ac99-65d2bb4c7310 | https://www.linkedin.com/jobs/view/4433102453","Official Infor careers detail opened on 2026-08-12. It shows Apply Now, Barcelona, Hybrid, Full Time and requisition 49130. Good English is explicit; the role accepts candidates who have or are pursuing a relevant degree.","A strong English-friendly entry route for applying brand systems across proposals, presentations, web and video. Confirm internship eligibility, pay, duration and whether a university agreement is required."
"current-main","104","930886","Establishment Labs","项目协调与平面设计实习（30% 设计）","Junior Project Coordinator & Graphic Designer","C","live","barcelona","Barcelona / hybrid / 学生实习","english","production","false","false","true","49.5","48","2026-08-12","https://es.linkedin.com/jobs/view/junior-project-coordinator-graphic-designer-at-establishment-labs-4449830488","https://es.linkedin.com/jobs/view/junior-project-coordinator-graphic-designer-at-establishment-labs-4449830488","Live/current. The exact LinkedIn employer detail 4449830488 was opened on 2026-08-13. It visibly shows Barcelona, Solicitar, publication one day earlier and no closed marker. The role is approximately 70% project coordination and 30% basic graphic-design adjustment. Design work includes presentations, brochures, templates, social assets, brand-guideline consistency and print-ready files. Only students currently enrolled in a bachelor or postgraduate programme who can sign a formal internship agreement are eligible. Fluent/native English is required; Spanish and other languages are only a plus.","Keep as a transparent lower-priority English-first foothold, not as a core graphic-design job. Apply only if the university convenio requirement is genuinely available and project coordination is acceptable; confirm pay, duration, hours and conversion prospects first."
"current-main","105","1287","haddock (YC W22)","","Graphic Designer & Brand Strategy Intern","C","live","barcelona","巴塞罗那","english","social","false","false","true","49","88","","https://app.welcometothejungle.com/jobs/LdaJsTHY","https://app.welcometothejungle.com/jobs/LdaJsTHY | https://es.linkedin.com/jobs/view/graphic-designer-brand-strategy-intern-at-haddock-yc-w22-4345911097","Welcome to the Jungle 当前显示 `Open for applications`；LinkedIn 原始详情显示 Barcelona、约 1 个月、128 份申请；€800–1,000；未证明中文/西语/英语门槛","职责覆盖 web/social/marketing 品牌视觉、故事表达、PR/community 和品牌一致性；要求 Adobe、Figma、社媒内容和文案能力。只有在实习资格、工时、语言和申请入口确认后再投；不放入中文优先区。"
"current-main","106","105","Runroom / original LinkedIn employer detail","","Digital Marketing Designer (student support)","C","live","barcelona","巴塞罗那","unknown","digital","false","true","false","48.5","78","","https://es.linkedin.com/jobs/view/digital-marketing-designer-runroom-at-universia-brasil-4442768685","https://es.linkedin.com/jobs/view/digital-marketing-designer-runroom-at-universia-brasil-4442768685","Current original LinkedIn detail was opened directly on 2026-08-10 and visibly shows Digital Marketing Designer (Runroom), Barcelona, publication about one week earlier and 172 applications. The brief is explicitly for a design student with no experience required, supporting digital assets for social, newsletters, landing pages, web case studies, style guides/design systems, animated banners/video and corporate templates. It lists full-time employment and allows 100% remote, hybrid or Barcelona work, but the public detail does not expose salary, language requirements or a stable application button.","Downgrade from the previous inflated senior-brand score. Keep as a current Barcelona digital-brand entry-level backup: the visual-system, campaign and motion overlap is useful, but the student/no-experience positioning makes it materially below professional brand/VI roles. Confirm whether a non-student applicant is eligible and how to apply."
"current-main","107","930821","Eurostars Hotel Company / Hospitaliti","初级标识与图形制作专员（空间 VI）","Técnico/a Junior de Señalética y Producción Gráfica","C","live","barcelona","Barcelona / 现场全职 / 偶尔出差到酒店与工地","spanish","production","false","true","false","48","61","2026-08-10","https://www.linkedin.com/jobs/view/4451125314","https://www.linkedin.com/jobs/view/4451125314 | https://easyapply.jobs/r/pIQ1T8p27140Zp4flZqN","Current LinkedIn employer detail 4451125314 was opened on 2026-08-12 and shows an external application control. The full brief covers hotel signage design and adaptation, final artwork, photomontages, signage manuals, technical drawings, suppliers, installation follow-up and corporate-image quality control. The external route currently resolves through an application aggregator rather than a Eurostars ATS.","A relevant junior physical-VI and signage-extension opportunity, but the Spanish working environment and non-employer application endpoint are material gates. Confirm the employer, contract, salary, language and data recipient before uploading documents."
"current-main","108","930840","Zurich Insurance","创意策略师（社交内容与品牌平台）","Creative Strategist","C","live","barcelona","Barcelona / 工作制待确认","english","digital","false","false","false","47.6","57","2026-08-12","https://www.careers.zurich.com/job/Barcelona-Creative-Strategist/1368922057/","https://www.careers.zurich.com/job/Barcelona-Creative-Strategist/1368922057/","Zurich's official Barcelona requisition was opened on 2026-08-12 and currently exposes Apply now. The role asks for around four years of experience and high English, and focuses on social-first strategy, content territories, narratives, creative briefs, concept cards and platform principles.","Useful Barcelona brand-adjacent work, but it is strategy and briefing rather than a hands-on VI or graphic-design execution role. Keep below direct visual-design jobs and apply only if the portfolio demonstrates campaign thinking, social concepts and clear creative frameworks."
"current-main","109","930827","Zurich Insurance","创意专员（社媒与短视频内容）","Creative Specialist","C","live","barcelona","Barcelona / 全职 / 办公模式待确认","english","social","false","true","false","47.1","62","2026-08-11","https://www.careers.zurich.com/job/Barcelona-Creative-Specialist/1368923457/","https://www.careers.zurich.com/job/Barcelona-Creative-Specialist/1368923457/ | https://www.linkedin.com/jobs/view/4450330907","Official Zurich requisition 136070 was opened on 2026-08-12 and shows Apply now and ES - Barcelona. The role asks for around 3–4 years, high English, TikTok/Instagram/Reddit concepts, storyboards, scripts, copy, visual proposals and short-form execution with CapCut, Canva or Adobe.","A formal English-friendly Barcelona creative route, but social content is the centre of gravity rather than brand identity. Apply only if the portfolio can connect platform-native creative to consistent brand tone and measurable campaign outcomes."
"current-main","110","930829","Raventós Codorníu","包装平面设计实习（新品牌与印前制作）","Graphic Packaging Design Trainee","C","live","barcelona","Sant Sadurní d'Anoia / Barcelona 省 / hybrid 3-2 / 实习","spanish","production","false","false","true","46.6","60","2026-08-11","https://es.linkedin.com/jobs/view/graphic-packaging-design-trainee-at-ravent%C3%B3s-codorn%C3%ADu-4440107992","https://es.linkedin.com/jobs/view/graphic-packaging-design-trainee-at-ravent%C3%B3s-codorn%C3%ADu-4440107992","Live/current: the original LinkedIn employer detail 4440107992 was reopened on 2026-08-12 and shows an active hybrid internship in Sant Sadurní d'Anoia, Barcelona province. It covers packaging, new-brand concepts, offline campaign pieces, multi-market adaptation, final artwork, prepress and renders.","Keep one card only. The design direction is relevant, but the internship format, Spanish-first brief and commute outside Barcelona city keep it in the lower-priority local group. Confirm school-agreement eligibility, pay, duration, transport and working language before applying."
"current-main","111","930876","IEBS Business School","平面设计实习生（活动与社媒品牌适配）","Prácticas Diseño Gráfico","C","live","barcelona","Viladecans / hybrid / 每周 20 小时实习","spanish","social","false","false","true","46.1","58","2026-08-07","https://iebschool.factorialhr.com/job_posting/practicas-diseno-grafico-303264","https://iebschool.factorialhr.com/job_posting/practicas-diseno-grafico-303264 | https://iebschool.factorialhr.com/ | https://es.linkedin.com/jobs/view/pr%C3%A1cticas-dise%C3%B1o-gr%C3%A1fico-at-iebs-business-school-4417493275","Live/current: IEBS Business School's official Factorial careers board was opened on 2026-08-12 and explicitly lists Prácticas Diseño Gráfico in Viladecans, Diseño, Híbrido and Inscríbete ahora. The current employer-origin LinkedIn detail 4417493275 also shows Solicitar and a complete brief covering event graphics, carousels, posts, stories, multi-format social adaptation and brand-identity consistency.","A real Barcelona-province entry route, but it is social-first production rather than core VI and the ability to sign an internship agreement is mandatory. The public brief is Spanish and does not publish compensation. Confirm pay, duration, exact office days, daily working language and conversion prospects before applying."
"current-main","112","382","SIMORRA","","Becaria/o Diseño Grafico","C","verify","barcelona","巴塞罗那","unknown","production","false","true","true","45.6","88","","https://es.fashionjobs.com/empleo/simorra-tiendas-sa/Becaria-o-diseno-grafico%2C11586483.html","https://es.fashionjobs.com/empleo/simorra-tiendas-sa/Becaria-o-diseno-grafico%2C11586483.html | https://simorra.com/","FashionJobs detail was updated 18 May 2026 and is still exposed; 6-month internship, SMI pay, student or university agreement; no Spanish/English requirement stated; visa not stated","Covers print and digital artwork, retouching, vector assets, Figma interface pieces, Premiere and social adaptations. Good practical VI/digital production route if eligible for convenio; Spanish-language workflow is likely."
"current-main","113","921","Oh / OhChat","平面设计师（Campaign、产品内素材与基础 Motion）","Graphic Designer","C","live","remote","Europe 远程 / 全职或自由职业 / Spain 合同待确认","english","brand","false","false","false","45.1","76","","https://jobs.ashbyhq.com/oh/a939fcd0-2693-4440-8a05-93c665f43031","https://jobs.ashbyhq.com/oh/a939fcd0-2693-4440-8a05-93c665f43031","Rechecked directly on 2026-08-09: official Ashby detail visibly shows Graphic Designer, Europe (remote), Full time, Remote and Apply for this Job. It also allows a freelance contract. The role covers social, campaigns, in-product assets, events, marketing, basic motion and creator-led/adult-content brands; it requires 3+ years and a strong Figma/Adobe portfolio. Competitive salary/day rate is stated without a number. Spain entity, Spain payroll, tax handling and exact time-zone eligibility are not stated.","Keep as Europe-remote C-tier backup only. It is genuinely open but not Barcelona-local, allows freelance terms and has an adult-content/creator-brand context that must be a deliberate fit. Confirm Spain contracting, pay basis, working time and content comfort before applying."
"current-main","114","228","Bending Spoons","应届媒体设计师（品牌资产、社媒与产品视觉）","Graduate Media Designer","C","live","remote","欧洲远程候选 / Spain 资格需确认 / 前数月可能需常驻 Milan","english","digital","false","true","false","44.6","86","","https://jobs.bendingspoons.com/positions/69dd6be07543f6ddbdacac4f/apply","https://jobs.bendingspoons.com/positions/69dd6be07543f6ddbdacac4f/apply","英语流利；未见西语要求","官方申请页可直接填写，当前开放；官方并未把Barcelona列为固定工作地"
"current-main","115","178","Bending Spoons","媒体设计师（品牌资产、社媒、产品视觉与 AI）","Media Designer","C","live","remote","欧洲远程候选 / Spain 资格需确认 / 前数月可能需常驻 Milan","english","digital","false","true","false","44.1","80","","https://jobs.bendingspoons.com/positions/69d588c142e4c7b7a3dd14ee","https://jobs.bendingspoons.com/positions/69d588c142e4c7b7a3dd14ee","英语熟练明确；未见西语要求","官方职位页与申请表开放；LinkedIn地点与官方地点不完全一致"
"current-main","116","2942","SLAPS","初级平面设计师（品牌机构路线）","Junior Graphic Designer","C","live","barcelona","Barcelona / Junior full-time 或 internship 待确认","english","brand","false","true","true","43.6","88","","https://brandingthatslaps.com/apply/?job=1679","https://brandingthatslaps.com/apply/?job=1679 | https://brandingthatslaps.com/careers/","SLAPS' official careers board was opened on 2026-08-12 and says Open roles below. It lists Junior Graphic Designer in Barcelona as Full Time / Internship, and the role-specific application page currently exposes a Start control.","Keep as a Barcelona C-tier agency lead, not a fully verified direct-application card. Before investing in a portfolio submission, ask which of the two roles is accepting, whether the junior listing is employment or internship, daily working language, salary, office cadence and the correct submission route."
"current-main","117","1105","Bakken & Bæck","自由职业高级艺术指导（影像叙事与品牌世界）","Freelance Senior Art Director","B","live","barcelona","可先全远程 / 50–100% 自由职业 / Barcelona 可转长期","english","brand","false","false","false","43.1","98","","https://bakkenbaeck.com/join/freelance-senior-art-director","https://bakkenbaeck.com/join/freelance-senior-art-director | https://bakkenbaeck.teamtailor.com/jobs/7646488-freelance-senior-art-director/applications/new","Current official original page was opened directly on 2026-08-09 and visibly shows Apply. Bakken & B忙ck lists Barcelona among its offices (C. de Pamplona 59) and describes a freelance engagement spanning several months, 50鈥?00% capacity, across multiple projects; it can begin fully remote and may later transition to permanent. Work leads image-led brand storytelling across photography, film, illustration, CGI, motion and digital systems. It requires 5+ years and a robust agency/production/in-house brand portfolio; language, rate, Spain contract entity and sponsorship are not stated.","Keep as a strong but clearly labelled senior freelance Barcelona/remote option. Submit only with art direction, image systems, campaign, motion/CGI and production-direction cases; first confirm rate, invoicing/aut贸nomo requirements, expected capacity, duration, Barcelona attendance and whether a Spain-based freelancer may be engaged."
"current-main","118","890","Dragons Group","健康与生活方式艺术指导","Art Director - Wellness & Lifestyle","B","live","barcelona","巴塞罗那 / 混合办公 / 永久全职","english","brand","false","true","false","42.7","108","2026-08-10","https://dragons-group.factorialhr.com/job_posting/art-director-wellness-lifestyle-308022","https://dragons-group.factorialhr.com/job_posting/art-director-wellness-lifestyle-308022 | https://dragons-group.factorialhr.com/apply/art-director-wellness-lifestyle-308022 | https://www.linkedin.com/jobs/view/4449537273","Official Factorial detail 308022 and its Apply now control were opened again on 2026-08-12. The role is permanent, full-time and hybrid in Barcelona; it requires 3–5 years and fluent English, while other languages are only a plus. A fresh LinkedIn employer detail 4449537273 was also visible two days after publication.","Current and English-friendly, but it is art direction for social, digital, creator and integrated campaigns rather than pure VI execution. Apply with product storytelling, visual narratives, photography/video/motion/CGI/AI direction and campaign systems; confirm salary and office cadence."
"current-main","119","930879","DashBook","初级艺术指导（书籍封面、编辑设计与排版）","Directeur Artistique Junior — editorial design","C","live","barcelona","Barcelona / full-time","unknown","production","false","true","false","42.2","58","2026-08-08","https://www.linkedin.com/jobs/view/4450320977","https://www.linkedin.com/jobs/view/4450320977","A new original LinkedIn employer detail with independent job ID 4450320977 was opened and read in full on 2026-08-13. It shows Barcelona, full-time and Apply. The French-language brief covers book-cover design, editorial layout, InDesign, Illustrator, Photoshop, typography, creative briefings, production schedules and coordination with authors and internal teams. The page does not publish salary, hybrid rhythm or an explicit language level.","This is a real new requisition and must not be merged with the closed former DashBook route. It is useful for an editorial-design portfolio, but the entirely French brief and author-facing coordination make professional French a likely practical gate; confirm working language before tailoring an application."
"current-main","120","930841","Lenskart.com","欧洲视觉陈列负责人（零售 VI 系统）","Head of Visual Merchandising, Europe","C","live","barcelona","Barcelona / onsite / 全职","english","brand","false","true","false","41.7","49","2026-08-11","https://www.linkedin.com/jobs/view/4452431400/","https://www.linkedin.com/jobs/view/4452431400/","Lenskart's current employer detail 4452431400 was opened on 2026-08-12 and showed Easy Apply. It builds the European retail visual system from zero across store openings, layouts, fixtures, lighting, signage, windows, guidelines, SOPs, audits and seasonal campaign activations.","Highly relevant to physical brand systems and retail VI, but this is a head-level role requiring 10-15+ years and at least five years of leadership. Keep as a transparent stretch opportunity rather than ranking it above attainable designer roles."
"current-main","121","930637","Dragons Group","高级包装与 POS 设计师","Senior Packaging & Point of Sale Designer","B","live","barcelona","巴塞罗那 / hybrid / 全职","english","production","false","true","false","41.2","105","2026-08-04","https://dragons-group.factorialhr.com/job_posting/senior-packaging-point-of-sale-designer-301798","https://dragons-group.factorialhr.com/job_posting/senior-packaging-point-of-sale-designer-301798 | https://es.linkedin.com/jobs/view/senior-packaging-point-of-sale-designer-at-dragons-group-4443672591 | https://dragons-group.factorialhr.com/","Current opening verified on 2026-08-09. The current LinkedIn original detail 4443672591 visibly shows Senior Packaging & Point of Sale Designer, Dragons Group, Barcelona, Apply, full-time and a recent publication. It covers brand-aligned packaging, retail POS, print, packaging, OOH, visual direction, brand consistency and mentoring. The detail requires Illustrator/Photoshop/InDesign, print-production knowledge across offset/flexo/gravure/digital, CMYK/Pantone/ICC, prepress, structures/die-lines and materials; fluent English is mandatory and other languages are a plus. Dragons official Factorial careers page was opened directly and currently lists the same Barcelona role as Design, Hybrid and Apply now; the job-specific ATS route is retained below, but its body returned a cache miss when fetched through the research reader.","Keep as a verified B-tier Barcelona opening. It is highly relevant if the portfolio demonstrates packaging systems, brand-guideline translation, retail/POS, print-ready production and visual direction, but it ranks below broad identity-system roles because the centre of gravity is senior packaging/print and English is the only confirmed working-language gate. Confirm salary, Spanish expectations, work authorisation, office cadence and whether the ATS form is still accepting before investing in a tailored application."
"current-main","122","930833","Wecolors","产品平面设计师（美妆包装与完稿）","Diseñador/a gráfico/a especializado/a en Producto","C","live","barcelona","Vilassar de Dalt / 每周 1 天远程 / 需自驾与住在附近","spanish","production","false","true","false","40.7","62","2026-08-05","https://www.linkedin.com/jobs/view/4448188871/","https://www.linkedin.com/jobs/view/4448188871/","Current LinkedIn employer detail 4448188871 was opened and read on 2026-08-12. It shows active review and Easy Apply. The full Spanish brief covers cosmetics boxes, cards, sleeves, 2D/3D displays, preliminary and final artwork, suppliers and printers, specifications, codes, finishes, visual-brand standards and corporate/digital support.","A genuine Barcelona-province product and packaging role, but less immediately accessible than a city role. It asks for 3–5 years, Adobe, medium-high English, nearby residence, own transport and a technical design test. The Spanish-language workplace is a practical concern even though Spanish is not listed as a formal level requirement."
"current-main","123","930819","AC Marca","包装平面设计师（品牌手册国际落地与完稿）","Diseñador/a Gráfico — proyecto temporal","C","live","barcelona","Hospitalet de Llobregat / 现场 / 一年临时项目","spanish","production","false","false","false","40.2","86","2026-08-06","https://www.linkedin.com/jobs/view/4448018251","https://www.linkedin.com/jobs/view/4448018251","Current signed-in LinkedIn employer detail opened on 2026-08-12. It shows a verified job, Easy Apply, publication six days earlier and a one-year temporary international project. English or Portuguese is valued rather than required.","A concrete packaging and brand-implementation opportunity, but temporary and production-heavy. Apply with packaging systems, final artwork, colour proofing, international adaptation and product mockups; confirm salary and daily language."
"current-main","124","930870","FunPlus","品牌与 2D 平面设计实习生","Graphic Design Intern","C","live","barcelona","Barcelona 08010 / hybrid / 带薪 20 小时实习","english","brand","false","false","true","39.7","67","","https://funplus.factorialhr.com/embed/job_posting/graphic-design-intern-293622","https://funplus.factorialhr.com/embed/job_posting/graphic-design-intern-293622","Live/current: the official FunPlus Factorial detail 293622 was opened and read in full on 2026-08-12. It shows Apply now and describes a paid 20-hour hybrid internship in the Barcelona office. The role creates FunPlus brand and game marketing content, key art, 2D assets, logos, screenshots and icons.","A strong English-accessible junior Barcelona visual-design route if the applicant can sign a university internship agreement. Rank below normal employment because current student status is a hard gate; apply with brand assets, key art, 2D systems, logos/icons and optional motion work."
"current-main","125","1299","Agilent / official Workday","","EMEA Marketing Communications & Content Intern (12-month internship)","C","live","barcelona","巴塞罗那","english","brand","false","true","true","39.2","78","","https://agilent.wd5.myworkdayjobs.com/en-US/Agilent_Student_Careers/job/EMEA-Marketing-Communications---Content-Intern--12-month-internship-_4036077","https://agilent.wd5.myworkdayjobs.com/en-US/Agilent_Student_Careers/job/EMEA-Marketing-Communications---Content-Intern--12-month-internship-_4036077","Official Workday detail shows Spain-Barcelona, full-time, Apply and a paid 12-month internship. Scope covers social posts, videos, visuals, templates, campaign storytelling, community engagement, performance analysis and multimedia production. Fluent English required; Spanish and other European languages are a plus. Eligibility requires current student status and a university training agreement for the full period.","New public secondary card. Apply only if a university can provide the Spain training agreement through the full internship; tailor a compact digital-content reel with brand systems, social variants, motion/video, templates and AI-assisted workflow. Keep below Barcelona brand/graphic roles and below the Chinese-priority ID 778 line."
"current-main","126","352","Blank Studio Creative S.L.","初级 3D 设计师（产品、包装与品牌世界）","Junior 3D Designer","C","live","barcelona","Barcelona / remote-friendly / 全职","unknown","brand","false","true","false","38.7","88","","https://www.byblankspace.com/careers/junior-3d-designer","https://www.byblankspace.com/careers/junior-3d-designer | mailto:careers@byblankspace.com","Live/current: the official Junior 3D Designer detail was opened and read in full on 2026-08-12. It still shows Barcelona, full-time, remote-friendly and an application email. The role creates 3D product and packaging visuals, brand worlds, campaign renders, mockups and production handoffs for beauty and lifestyle clients.","Recover as a junior 3D/brand-visual route. It is not general VI, but packaging, product visualization and brand-world work are relevant; confirm salary, remote cadence and whether the email subject typo affects routing."
"current-main","127","877","Eurofirms / 未公开包装客户","平面设计与包装完稿专员","平面设计与包装完稿专员 / Diseñador/a gráfico/a — artes finales y packaging","C","live","barcelona","Cerdanyola del Vallès / 现场早班","unknown","production","false","true","false","38.2","29","2026-07-24","https://jobtoday.com/es/trabajo/disenador-a-grafico-6g3oVr","https://jobtoday.com/es/trabajo/disenador-a-grafico-6g3oVr","Live/current: the original Job Today detail 6g3oVr was opened and read in full on 2026-08-12. It was posted 2026-08-06, still shows Inscríbete and covers packaging artwork, legal text, braille, barcodes, prepress, production coordination and sustainable packaging in Cerdanyola del Vallès.","Recover as a lower-priority packaging-production option. The EUR12.78/hour temporary contract and final-art focus are major tradeoffs, but the location and application route are real."
"current-main","128","1237","ICÓNICO / ÚNICO","","Diseñador/a gráfico/a y multimedia / Multimedia-Content Designer","C","verify","barcelona","巴塞罗那","english","social","false","true","false","37.8","80","","https://es.indeed.com/viewjob?jk=ae95a5929ce854cb","https://es.indeed.com/viewjob?jk=ae95a5929ce854cb | https://es.linkedin.com/jobs/view/dise%C3%B1ador-a-gr%C3%A1fico-a-multimedia-at-ic%C3%B3nico-design-for-architecture-4440947485 | https://iconico.es/ | https://iconico.es/contacto/ | mailto:hola@iconico.es","**Verify-first / 当前线索**：Indeed 搜索结果仍显示 Barcelona、全职、长期项目及约 €22,000 gross/year；雇主 LinkedIn 结果显示约 2 天、已有申请者，但直接详情页本轮 cache miss；工作语言未写明","新增 1 条 Barcelona 本地品牌视觉/内容延展卡。先通过 Indeed 按钮或 `hola@iconico.es` 确认是否仍招、合同/入职时间、语言、实际工作点（Poblenou/Cardedeu）和作品集格式；未确认前不标为已验证开放，也不计入中文岗。"
"current-main","129","1249","Henna Morena / employer LinkedIn","","Diseñador gráfico / digital — Experiencia de usuario & IA","C","verify","barcelona","巴塞罗那","unknown","production","false","true","false","37.3","80","","https://es.linkedin.com/company/hennamorena","https://es.linkedin.com/company/hennamorena | https://es.linkedin.com/jobs/view/dise%C3%B1ador-gr%C3%A1fico-digital-at-henna-morena-4423615606 | https://www.jobijoba.es/oferta-empleo/69/095697507b3f24bb9f16bb3fc8b3e9cb | https://www.hennamorena.com/","Employer page currently says hiring; direct LinkedIn detail `4423615606` was linked by the employer but returned cache miss in this audit; Jobijoba mirror says immediate full-time onsite Barcelona and €25,000; language and contract details require confirmation; C-level verify-first","Strong Barcelona brand/e-commerce visual-extension lead and closer to VI than a generic social role. Re-open the direct job page or contact the employer to confirm it is still accepting applications, Spanish expectations, contract, exact salary and portfolio route before applying."
"current-main","130","930854","Jungle / PS21Barna","广告视频剪辑与基础动态视觉","Art Director / Video Editor","C","live","barcelona","Barcelona / Carrer d'Àlaba / hybrid full-time","spanish","motion","false","true","false","36.8","64","","https://es.linkedin.com/jobs/view/art-director-video-editor-ps21barna-at-jungle-4443271761","https://es.linkedin.com/jobs/view/art-director-video-editor-ps21barna-at-jungle-4443271761","The current LinkedIn employer detail 4443271761 was opened and read in full on 2026-08-12. It shows Solicitar, Barcelona and a complete brief. The work is primarily advertising video editing and post-production rather than brand-identity ownership. It requires three to four years in an agency or production company plus a strong showreel; salary and an explicit language level are not published.","Keep as a secondary motion/content opportunity, not a top VI card. Apply only with strong Premiere, After Effects, Photoshop/Illustrator and DaVinci work showing narrative editing, social-format adaptation, title/motion, colour and audio finishing. Confirm daily Spanish, salary, contract, office days and work authorisation before proceeding."
"current-main","131","1257","Iôsif Bar / JOB TODAY","","CM de Instagram & Diseñador Gráfico","C","live","barcelona","巴塞罗那","english","social","false","true","false","36.3","82","","https://jobtoday.com/es/trabajo/cm-de-instagram-and-disenador-grafico-BwnwpX","https://jobtoday.com/es/trabajo/cm-de-instagram-and-disenador-grafico-BwnwpX | https://jobtoday.com/es/company/bar-restaurante-tematico-iosif-bar-WLBrA7","原始 [JOB TODAY 详情](https://jobtoday.com/es/trabajo/cm-de-instagram-and-disenador-grafico-BwnwpX) 仍显示 `Apply now`、全职、无需经验；页面显示近期正在面试/立即入职，但没有薪资、合同、保险或语言要求；详情为西语，按西语沟通风险处理","**新增 1 条 Barcelona 本地次级线索。** 岗位负责 Sarraceno Club、Hungry Frida、Sopitas & Cevichitos、TeleVeg 四条餐饮线的 Instagram，适合展示餐饮品牌视觉、菜单/海报、社媒模板、短视频封面和内容系列。先确认实际每日职责、是否要拍摄/剪辑、薪资、合同/全保、工作语言与是否仍招；不要把“面试明日/活跃几分钟前”当成正式发布日期，也不当作中文岗。"
"current-main","132","930826","Carati Studio","自由职业平面与印花设计师（时尚）","Freelance Graphic / Print Designer — Fashion","C","live","barcelona","Barcelona / 部分远程 + Sant Antoni 现场 / 自由职业","english","production","false","false","false","35.8","67","2026-08-12","https://www.linkedin.com/jobs/view/4449873353","https://www.linkedin.com/jobs/view/4449873353 | mailto:nita@caratistudio.com","Current original LinkedIn employer detail 4449873353 was opened on 2026-08-12. It shows an active Barcelona Easy Apply route and a direct portfolio email. Barcelona residence, fashion graphic/print experience, Photoshop and Illustrator are essential; Spanish is a plus rather than a stated requirement.","A genuine local freelance branch rather than a salaried VI role. Confirm the client entity, project frequency, day rate, invoicing, ownership, onsite rhythm and whether the Zara-team workload is ongoing before accepting a test."
"current-main","133","579","Gestión Hostelocio","","Diseñador/a Gráfico/a Senior","C","live","barcelona","巴塞罗那及周边","english","production","false","true","false","35.3","74","","https://www.infojobs.net/ofertas-trabajo/barcelona/castelldefels/dise%C3%B1o-grafico","https://www.infojobs.net/ofertas-trabajo/barcelona/castelldefels/dise%C3%B1o-grafico","InfoJobs listing page visible and reposted; permanent full-time; EUR22,000-29,000; vehicle required; explicit Spanish not surfaced in snippet but Spanish workflow very likely","Strong portfolio match if there are hospitality/lifestyle/restaurant brand cases: visual identity evolution across several brands, online/offline materials, campaigns, social, menus, signage, brand coherence, supplier coordination and basic motion/video. Because it is onsite Castelldefels with local workflow, treat as backup unless Spanish is workable."
"current-main","134","860","Hays 官方招聘","","营销协调员（平面设计方向） / Coordinador/a de Marketing con diseño gráfico","C","live","barcelona","巴塞罗那 / onsite","spanish","digital","false","true","true","34.8","72","","https://www.hays.es/detalles-vacante/coordinador-a-de-marketing-con-dise%C3%B1o-gr%C3%A1fico-barcelona_1125336","https://www.hays.es/detalles-vacante/coordinador-a-de-marketing-con-dise%C3%B1o-gr%C3%A1fico-barcelona_1125336 | https://es.linkedin.com/jobs/view/marketing-coordinator-dise%C3%B1o-gr%C3%A1fico-at-hays-4441583690","Hays 官方职位 `1125336 / JOB_5393782` 当前有申请入口，合同标为永久；LinkedIn 职位 `4441583690` 在 2026-07-26 的招聘列表显示约 1 天前重发，可推定本轮刷新约为 2026-07-25，但 Hays 原始页面已被搜索引擎收录约两个月，因此把它视为“近期重发的持续招聘”，不伪装成首次发布。雇主是生殖遗传学相关生物科技公司；职责包括企业与销售物料、科学内容视觉化、创建和演进公司视觉识别、展会 / 展台、服务发布 assets 和 AI 辅助设计。理想经验 1–3 年或相关实习；要求流利或母语西语、英语中级，科学 / 医疗背景有明显优势；薪资只写按经验评估，没有公开金额","列为 C 级挑战岗。方向比普通 marketing coordinator 更接近真正的品牌视觉工作，而且是永久合同，但西语流利是明确硬门槛，当前不应高于英文岗位。若以后西语提高，作品集应放信息设计、复杂概念可视化、B2B 演示、VI 建设、展会和健康 / 科学类案例；申请时先确认真实雇主、薪资区间、每周工时、办公地址和是否有设计之外的运营 KPI。"
"current-main","135","930708","Dragons Group","高级艺术指导（医疗与制药）","Senior Art Director — Healthcare & Pharma","C","live","barcelona","巴塞罗那 / hybrid / 永久全职","english","brand","false","true","false","34.3","96","","https://dragons-group.factorialhr.com/job_posting/senior-art-director-healthcare-pharma-315359","https://dragons-group.factorialhr.com/job_posting/senior-art-director-healthcare-pharma-315359 | https://dragons-group.factorialhr.com/apply/senior-art-director-healthcare-pharma-315359","Official Factorial detail 315359 and its Apply now route were opened and read in full on 2026-08-12. The role is current, permanent, full-time and hybrid in Barcelona. It requires 6–10 years plus significant healthcare, pharma, OTC, wellness or medical-aesthetics experience.","A real current local brand and art-direction opportunity, but healthcare-domain experience is a hard gate. The work spans visual systems and integrated digital, social, print, retail and CRM campaigns, scientific information, brand guidelines, regulatory compliance and photo/video/motion/CGI/AI direction. Fluent English is explicit; other languages are a plus."
"current-main","136","930712","VML","艺术指导（品牌识别与整合 Campaign）","ART DIRECTOR","C","live","barcelona","Barcelona / hybrid 或 onsite / 平均每周约 4 天办公室","spanish","brand","false","false","false","33.8","104","2026-08-10","https://www.vml.com/careers/job/8634604002-es-art-director","https://www.vml.com/careers/job/8634604002-es-art-director | https://es.linkedin.com/jobs/view/art-director-at-bav-group-m%C3%A9xico-4443713564","Live/current: VML official requisition 17276 was opened and read on 2026-08-12. It lists Barcelona, Spain and a current ART DIRECTOR vacancy covering campaign concepts, visual direction, brand identity, Adobe and AI, with Figma, motion and video valued. The role requires 5–6 years of agency art direction plus medium-high English and Catalan.","Add to the reviewed Barcelona board because the employer-owned VML page and requisition are current. Keep it in the lower senior-stretch section: the brand/identity scope is strong, but Catalan, 5–6 years of agency leadership and roughly four office days are meaningful barriers."
"current-main","137","134","SLAPS","高级艺术指导（大型 Campaign 与品牌视觉）","Senior Art Director","C","live","barcelona","Barcelona / full-time / 申请表状态待确认","english","brand","false","true","false","33.3","100","","https://brandingthatslaps.com/apply/?job=3525","https://brandingthatslaps.com/apply/?job=3525 | https://brandingthatslaps.com/careers/","SLAPS' official careers board was opened on 2026-08-12 and lists Senior Art Director, Full Time, Barcelona under Open roles below. The role-specific application page currently exposes a Start control.","Raise to 100 as a highly relevant Barcelona senior art-direction and brand-campaign route, but keep verify-first because the protected job form could not be inspected. Confirm the application form, Spanish/English workflow, salary and expected photo/film/3D production ownership before applying."
"current-main","138","277","Hamlet Strategic Makers","中高级艺术指导（品牌系统、指南与 Campaign）","Mid/Senior Art Director en Hamlet","C","live","barcelona","Barcelona / hybrid","spanish","brand","false","false","false","32.9","94","","https://careers.wearecandee.net/jobs/7584494-mid-senior-art-director-en-hamlet","https://careers.wearecandee.net/jobs/7584494-mid-senior-art-director-en-hamlet | https://es.linkedin.com/jobs/view/junior-mid-art-director-en-hamlet-%F0%9F%8E%A8-at-candee-4440957369","Live current recruiter detail was opened directly on 2026-08-10. Candee official careers shows Mid/Senior Art Director en Hamlet, Design, Barcelona, H铆brido and a visible Quiero aplicar application control; the original LinkedIn route 4440957369 also shows the current Barcelona vacancy. The role covers branding, visual systems and guidelines, campaign concepts, key visuals, digital content and long-term strategic projects. It requires 5+ years, high English and Catalan, with flexible hybrid work and a recruiter-led case/interview process; salary and Spanish requirement are not stated.","Raise to 94 as a current Barcelona brand-systems and art-direction opportunity. The application control is on the recruiter detail, and the brief is materially closer to VI than a social-only role; the high English/Catalan gate and 5+ years are the main risks. Apply with brand guidelines, visual universes, campaign concepts and digital extensions, then confirm Spanish workflow, contract and salary."
"current-main","139","930878","Lateral Thinking","艺术指导（品牌体验、视觉识别与空间导视）","Art Director — brand experiences and visual identity","C","live","barcelona","Barcelona / full-time / 现场制作","spanish","brand","false","true","false","32.4","72","2026-08-11","https://www.linkedin.com/jobs/view/4449819011","https://www.linkedin.com/jobs/view/4449819011","A new original LinkedIn employer detail with independent job ID 4449819011 was opened and read in full on 2026-08-13. It shows Barcelona, full-time and Apply. The vacancy was posted two days earlier and covers visual identity, brand-experience strategy, key visuals, signage, print, digital and offline assets, production and on-site installation. Five-plus years and fluent Spanish are explicit; English and Catalan are advantages.","This is a genuine new requisition, not a reopening of the closed job ID 4436668875. Keep the old card in history and use only this new route. The subject fit is excellent, but apply only if five-plus years, professional Spanish and hands-on production/installation leadership are credible."
"current-main","140","930887","Lateral Thinking","高级空间设计师（品牌体验与沉浸式环境）","Senior Spatial Designer","C","live","barcelona","Barcelona / 全职 / 开始日期文本待确认","spanish","other","false","false","false","31.9","43","2026-08-12","https://es.linkedin.com/jobs/view/we%E2%80%99re-hiring-%E2%80%93-senior-spatial-designer-at-lateral-thinking-4452412973","https://es.linkedin.com/jobs/view/we%E2%80%99re-hiring-%E2%80%93-senior-spatial-designer-at-lateral-thinking-4452412973","Live/current with a stale-template caveat. The exact LinkedIn employer detail 4452412973 was opened on 2026-08-13. It visibly shows Barcelona, Solicitar, publication one day earlier and no closed marker. The role creates brand-driven spatial stories, immersive environments and installations and requires 5+ years, 3D rendering, CAD/floorplans, Adobe and fluent Spanish. The brief still says an ideal January 2026 start, so the recruiter should confirm that this refreshed requisition is genuinely active and correct the start-date text.","A real but off-core brand-experience extension. Keep low because fluent Spanish, five years and specialist spatial/CAD/3D experience are hard gates and the start date is stale. Confirm the opening before tailoring anything."
"current-main","141","93","McCann","设计师（品牌视觉体系、Campaign 与数字/印刷）","Designer (Temporary)","C","live","barcelona","Barcelona / hybrid / 临时合同","spanish","brand","false","false","false","31.4","96","","https://es.linkedin.com/jobs/view/designer-temporary-at-mccann-4413597710","https://es.linkedin.com/jobs/view/designer-temporary-at-mccann-4413597710 | https://www.mccann.com/careers","Current original LinkedIn detail was opened directly on 2026-08-09. It visibly shows Designer (Temporary), McCann, Barcelona, Solicitar, publication two days ago and more than 200 applications. The brief covers evolving major-brand visual universes, campaigns, key visuals, landing pages, microsites, newsletters, digital and print artwork, brand systems and client presentations. It requires 5+ years, Adobe/Figma/AI, intermediate video and high English plus Catalan; salary and contract duration are not stated.","Promote to a live C-tier Barcelona brand-visual opportunity, but keep the temporary-contract warning prominent. Apply only if high English and Catalan are defensible and temporary employment is acceptable; lead with brand-universe, campaign, responsive web, final-artwork and motion/AI cases."
"current-main","142","1296","Fuego Camina Conmigo","艺术指导（数字优先 Campaign、摄影与编辑）","Director/a de Arte","C","live","barcelona","Barcelona / hybrid / 永久全职","spanish","brand","false","true","false","30.9","84","","https://fuego.factorial.es/job_posting/director-a-de-arte-272070","https://fuego.factorial.es/job_posting/director-a-de-arte-272070","Current official Fuego careers detail was opened on 2026-08-09. It visibly lists Director/a de Arte, indefinite, full-time and hybrid in Barcelona, with a live Inscribete ahora route. The agency seeks at least 5 years of art-direction experience for major client projects, digital-first design, current design/art-direction references, and ideally photography/editorial capability. Spanish/English requirements are not explicit.","Verified Barcelona C-tier senior agency option. It is meaningful art direction but general digital/campaign work, not a narrowly defined brand-identity role; the Spanish working environment is an inference rather than a stated hard gate. Apply only with senior digital art direction, campaign, editorial/photo and brand cases; confirm language, salary, work authorisation and hybrid cadence."
"current-main","143","210","Fail Fast Studio","视觉设计师（视觉系统、品牌概念与数字/印刷）","Visual Designer","C","live","barcelona","Barcelona / hybrid / 全职","spanish","brand","false","true","false","30.4","94","","https://www.failfast.design/jobs/visual-designer","https://www.failfast.design/jobs/visual-designer | https://www.seidor.com/es-es/talento/empleos/9239","Current official Fail Fast detail was opened on 2026-08-09 and visibly shows Visual Designer, Barcelona, Full-time, Hybrid and Apply for this Job now. The page states that the role creates and evolves visual systems, develops brand-guided graphic concepts and digital/print assets, and supports storyboards and video graphics. The body requirement is 8+ years, fluent Spanish and good English, with advanced Figma/Adobe and generative-AI experience.","Promote to a live C-tier Barcelona visual-systems role. It is a strong visual-design match but the 8+ year seniority and fluent-Spanish requirement are hard gates; apply only if those conditions are realistic, and ask about the actual office-days and project-language mix."
"current-main","144","930842","Voodoo","高级技术 UI 与动态设计师","Senior Technical UI & Motion Designer","C","live","remote","Europe remote / CET ±3h / Spain 合同待确认","english","motion","false","true","false","29.9","36","2026-08-12","https://jobs.ashbyhq.com/voodoo/7ceb7481-56e0-4db7-94fb-494e132908c7/","https://jobs.ashbyhq.com/voodoo/7ceb7481-56e0-4db7-94fb-494e132908c7/ | https://jobs.ashbyhq.com/voodoo/7ceb7481-56e0-4db7-94fb-494e132908c7/application","Voodoo's official Ashby requisition and application form were opened on 2026-08-12. The form is live and accepts applications. The role asks for 4+ years and covers technical UI motion, Unity implementation, interaction design and reusable motion systems using tools such as After Effects, Spine or Rive.","A real English-first Europe-compatible motion opportunity, but it is gaming UI and technical implementation rather than brand identity. Keep in the lower adjacent-motion tier; confirm Spain contract, salary and Unity depth before investing in a tailored application."
"current-main","145","942","Co-Star","品牌设计师（全球远程自由职业）","Brand Designer","B","live","remote","全球远程 / freelance / 初期兼职 / 无需出差","english","brand","false","false","false","29.4","72","","https://job-boards.greenhouse.io/costar/jobs/6126693004","https://job-boards.greenhouse.io/costar/jobs/6126693004","Live/current: Co-Star's official Greenhouse requisition 6126693004 was reopened and read in full on 2026-08-12. It shows Apply and a complete application form, and explicitly says fully remote anywhere. The role is a senior individual-contributor freelance engagement requiring 5-8 years across brand identity, campaigns, digital and print; motion, illustration and generative tools are useful additions.","Recover into the main board as a real global-remote brand-design route. The scope is exact, but 5-8 years, part-time freelance terms and undisclosed rate lower practical fit. Apply in English with identity systems, campaigns, editorial, web/social and launch work; confirm rate, guaranteed hours, duration, Spain invoicing/tax, IP terms, equipment and payment schedule."
"current-main","146","930719","Adsmurai","数字平面设计师（360° Campaign）","Digital Graphic Designer (They/He/She)","C","live","barcelona","Barcelona / hybrid / 永久全职 / requisition 8109023","spanish","digital","false","true","false","28.9","98","","https://adsmurai.teamtailor.com/jobs/8109023-digital-graphic-designer-they-he-she","https://adsmurai.teamtailor.com/jobs/8109023-digital-graphic-designer-they-he-she","Live/current: official Teamtailor requisition 8109023 was reopened on 2026-08-12 and explicitly shows CREATIV_, Barcelona, Hybrid and ENVÍA TU CV. It is a separate requisition from 7993316, which is the Madrid version and must never be merged into this card.","Retain the Barcelona card only. The work covers 360-degree digital campaigns, brand-guideline adaptation, paid/organic social, video, presentations and brochures; fluent Spanish and English plus at least three years remain hard gates."
"current-main","147","89","Dragons Group","中高级平面设计师（美妆健康品牌 Campaign 与社媒）","Mid/Senior Graphic Designer","C","live","barcelona","Barcelona / hybrid / 全职","spanish","social","false","true","false","28.4","96","","https://joinus.dragons-group.com/jobs/mid-senior-graphic-designer","https://joinus.dragons-group.com/jobs/mid-senior-graphic-designer","Current official Dragons ATS detail was opened on 2026-08-09 and visibly shows Apply, Barcelona, full-time and hybrid. The role creates premium skincare/wellness visual assets across organic and paid social, campaigns, toolkits and presentations; it adapts platform-native work while preserving brand consistency, performs advanced retouching/compositing and AI-assisted production, and works with Design Leads, Art Directors and Strategists. It requires 4-8+ years, social ecosystems including Instagram/TikTok/paid/motion-first layouts, strong art direction/imagery craft, brand-guideline execution and volume production. Spanish and English are both mandatory.","Verified Barcelona C-tier adjacent opportunity. It is a genuine role with strong beauty visual craft, but social-first adaptation rather than brand-system strategy. Apply only with Spanish- and English-ready premium social/campaign systems, retouching/compositing, paid/organic variations, toolkit work and guideline consistency; confirm compensation, contract entity and office cadence."
"current-main","148","930817","Eat Nudes","包装与门店平面设计师（菜单、标识、标签与印刷）","Graphic Designer — packaging, signage and print","C","live","barcelona","Barcelona 或附近 / 紧急项目合同 / 费用待确认","english","production","false","false","false","28","82","2026-08-07","https://es.linkedin.com/jobs/view/dise%C3%B1ador-gr%C3%A1fico-at-eat-nudes-4446052477","https://es.linkedin.com/jobs/view/dise%C3%B1ador-gr%C3%A1fico-at-eat-nudes-4446052477 | mailto:pr@eatnudes.com","Current original LinkedIn detail opened on 2026-08-12 and still exposes the full brief plus a direct portfolio email. It explicitly asks for a Barcelona-based graphic designer rather than a social-media manager or content creator.","A real urgent production-design route, but not a salaried VI-system role. Confirm project length, hours, fee, invoicing, ownership and onsite requirements before doing any test or artwork."
"current-main","149","1108","Glovo","动态设计师（品牌 × Performance Marketing）","Motion Designer (They/She/He)","C","live","barcelona","Barcelona / 全职 / Brand Design 团队","english","motion","false","true","false","27.5","90","","https://careers.glovoapp.com/job/motion-designer-they-she-he-in-barcelona-jid-744000116926787/","https://careers.glovoapp.com/job/motion-designer-they-she-he-in-barcelona-jid-744000116926787/","Current official careers detail was opened directly on 2026-08-09. It visibly lists Motion Designer, Barcelona, Full-time and Apply via SmartRecruiters. It sits in Brand Design but primarily supports performance marketing/user acquisition and retention: approximately 80% of work adapts, iterates and optimizes high-volume creatives across channels. It requires 3+ years, professional English, paid-social experience, portfolio, advanced After Effects and good Figma/Illustrator/Photoshop/AI; salary, Spanish and work-authorisation terms are not stated.","Verified Barcelona motion opening but not a core identity/VI role. Keep as a C-tier performance-motion backup below brand-system positions; use paid-social, motion-template, A/B iteration and data-informed campaign examples."
"current-main","150","874","IKIGAI Talent Group / 移动应用客户","视频剪辑与动态设计师（获客广告 / 品牌动态）","视频剪辑与动态设计师 / Video Editor & Motion Designer","C","live","barcelona","巴塞罗那 / 混合办公","english","digital","false","false","false","27","84","","https://ikigaitalentgroup.com/offers/video-editor-motion-designer/","https://ikigaitalentgroup.com/offers/video-editor-motion-designer/ | mailto:hello@ikigaitalentgroup.com","Current application is open: IKIGAI official detail was opened on 2026-08-09 and visibly lists Video Editor / Motion Designer, Spain, Barcelona, Start-up, Open Salary and 鈥淚 WANT TO SIGN UP鈥? Scope is mobile-app visual identity plus 4鈥? video ads each week for TikTok, Meta, Apple Search Ads and Google; it requires Adobe and proven mobile-app/digital-advertising motion experience. Contract type, seniority years, working language, work authorisation and hybrid days are not stated.","Keep as a C-tier Barcelona motion/performance-creative option, not a high-priority VI role: it is ad production for an unnamed client and omits essential employment terms. Apply with paid-social variants, mobile-app creative and brand-consistent video systems; before committing, confirm client identity, employment entity, pay, contract, language, weekly output and office rhythm."
"current-main","151","876","Buzz Marketing Networks","AI 方向动态设计与视频剪辑","AI 方向动态设计与视频剪辑 / Motion Designer & Video Editor con foco en IA","C","live","barcelona","巴塞罗那 / 每周 2 天办公室、3 天远程","unknown","digital","false","true","false","26.5","60","2026-07-26","https://es.linkedin.com/jobs/view/motion-designer-video-editor-con-foco-en-ia-at-buzz-agencia-creativa-digital-4442212716","https://es.linkedin.com/jobs/view/motion-designer-video-editor-con-foco-en-ia-at-buzz-agencia-creativa-digital-4442212716","LinkedIn 独立职位编号 `4442212716` 约于 2026-07-26 发布，本轮显示约 13 小时并可申请。职责覆盖 campaign、社媒和数字内容的 motion / 剪辑、After Effects、Premiere 与 AI 视频工具；全职混合办公，公开安排为每周 2 天办公室、3 天远程。要求约 4–5 年相关经验；职位全文为西班牙语，但没有单列语言等级，薪资未公开","列 C 级资深挑战岗。它与既有 Buzz 艺术指导是不同职位，不能合并；但当前西语与经验门槛较高。若资历足够，先用英文短消息询问团队是否接受英语工作，再提交 campaign、社媒 motion、AI 视频生成到精修的流程案例；确认薪资、合同和测试范围。"
"current-main","152","1227","Natulim","视频剪辑与 Motion Graphics 设计师（品牌社媒）","`Videógrafo especialista en Motion Graphics`: indefinite, full-time, hybrid Barcelona; 2D/3D motion, video production/editing for Instagram, YouTube, TikTok, Facebook and web; official detail: https://natulim.factorial.es/job_posting/videografo-especialista-en-motion-graphics-290359","C","live","barcelona","Barcelona hybrid / 永久全职","spanish","motion","false","true","false","26","76","","https://natulim.factorial.es/job_posting/videografo-especialista-en-motion-graphics-290359","https://natulim.factorial.es/job_posting/videografo-especialista-en-motion-graphics-290359","`Videógrafo especialista en Motion Graphics`: indefinite, full-time, hybrid Barcelona; 2D/3D motion, video production/editing for Instagram, YouTube, TikTok, Facebook and web; official detail: https://natulim.factorial.es/job_posting/videografo-especialista-en-motion-graphics-290359",""
"current-main","153","396","RV Group — Rodriguez Villar","初级 Motion Graphics 与视觉设计师","Junior Motion Graphics & Visual Designer","C","live","barcelona","Barcelona / 100% 现场 / 全职","spanish","motion","false","true","false","25.5","86","2026-08-06","https://jobtoday.com/es/trabajo/junior-motion-graphics-and-visual-designer-9wP83M","https://jobtoday.com/es/trabajo/junior-motion-graphics-and-visual-designer-9wP83M","The current original JOB TODAY detail 9wP83M was opened again on 2026-08-12. It shows Apply now, Barcelona, full-time, 100% onsite, a verified employer and publication on 2026-08-06. The role covers social and digital campaigns, motion graphics, short video, screens, posters and brand consistency. Fluent Spanish and English plus valid Spain work permission are mandatory.","Normalize as an 86-point C-tier Barcelona-local secondary route. It is a real current motion/content opening with a direct Apply now button, but it is junior, fully onsite, Spanish-gated and more campaign/content production than VI-system design. Keep below Barcelona brand-identity and corporate-visual roles; apply only with Spanish-ready motion, short-form editing and campaign-adaptation work."
"current-main","154","1240","MANGO","橱窗创意设计师（零售品牌空间与 3D）","SHOP WINDOW CREATIVE DESIGNER","C","live","barcelona","Palau-solità i Plegamans / Barcelona 省 / 全职","spanish","brand","false","true","false","25","90","2026-08-08","https://es.linkedin.com/jobs/view/shop-window-creative-designer-at-mango-4444421303","https://es.linkedin.com/jobs/view/shop-window-creative-designer-at-mango-4444421303 | https://mango.wd3.myworkdayjobs.com/","Current original LinkedIn detail 4444421303 was opened directly on 2026-08-10 and visibly shows SHOP WINDOW CREATIVE DESIGNER, MANGO, Palau-solita i Plegamans, Solicitar, publication two days ago and 121 applications. The full brief covers shop-window concepts aligned with brand messaging, layouts, colour and visual elements, mock-ups, decorative finishes, materials and props, 3D renderings, supplier technical sheets and production follow-through. It explicitly requires more than 5 years in creative/retail/window-display work, Adobe Creative Suite, Rhino or other 3D tools, KeyShot or Unreal rendering, and high English and Spanish. The role is full-time; salary, contract entity and exact commute/office schedule are not published.","Restore as a 90-point C-tier Barcelona-area brand/visual opportunity. The brand-identity and physical visual-merchandising fit is strong, but Palau-solita is outside Barcelona city and the 5+ year, retail/window-display, 3D/rendering and high Spanish/English gates are substantial. Apply with retail campaign, window/display and 3D/mock-up work only if those gates are credible; confirm schedule, salary and application requisition."
"current-main","155","633","Puig / Carolina Herrera Makeup","品牌形象与 360 Campaign 管培项目","Image & 360 Makeup Graduate status detail","C","live","barcelona","Barcelona / 1 年 Graduate Program","english","brand","false","false","false","24.5","74","","https://jobs.puig.com/job/Barcelona-Image-%26-360-Makeup-Graduate/1407487333/","https://jobs.puig.com/job/Barcelona-Image-%26-360-Makeup-Graduate/1407487333/","Live/current: Puig's official requisition 1407487333 was opened and read in full on 2026-08-12. It still shows Apply now, Barcelona and a one-year Image & 360 Makeup Graduate programme. The role supports global image campaigns, visual research, moodboards, toolkits, production and 360 asset rollout across retail, e-commerce, social, CRM and PR.","Recover as a brand-image graduate opportunity, not a pure designer role. It requires recent graduate/Master status, fluent English and Spanish, and mixes creative support with project coordination."
"current-main","156","1253","TheBusinessLook BCN / Museum Merchandising","初级平面设计师（半职，先确认名额）","Dise帽adora Gr谩fica (media jornada)","C","verify","barcelona","Barcelona / 半天制 / 每周 1–2 天远程","spanish","digital","false","false","false","24","84","","https://es.linkedin.com/jobs/view/dise%C3%B1ador-gr%C3%A1fico-jr-at-thebusinesslook-bcn-museum-merchandising-4409160871","https://es.linkedin.com/jobs/view/dise%C3%B1ador-gr%C3%A1fico-jr-at-thebusinesslook-bcn-museum-merchandising-4409160871 | mailto:juanca@businesslookbcn.com | https://www.businesslookbcn.com/","Needs verification: the specific LinkedIn detail 4409160871 still exposes the full Barcelona part-time Junior Graphic Designer brief and the direct application email juanca@businesslookbcn.com, but it is about three months old and no longer shows a platform apply button. Current headcount must be confirmed before applying.","Keep in the main board as a verify-first direct-contact lead, not as confirmed live. The junior scope is useful—catalogues, web banners, social, newsletters, presentations and product support—but send a short availability check before preparing a tailored application."
"current-main","157","456","CBA Design Spain","品牌与视觉设计开放投递（非具体空缺）","Open application — Brand / Visual Design","C","verify","barcelona","Barcelona / Poblenou / 主动投递人才库","english","brand","false","false","false","23.5","80","","https://cba-design.com/spain/en/apply-work-with-us/","https://cba-design.com/spain/en/apply-work-with-us/ | https://cba-design.com/spain/en/work-with-us-apply/","Needs verification / proactive route: CBA Spain's official site currently exposes a working CV and portfolio application form and says it is always looking for new talent. Its office is at Calle Bolivia 68-70, 08018 Barcelona, but no specific open vacancy, salary, contract or language requirement is published.","Keep as a low-priority Barcelona brand/VI studio route, clearly labelled as a speculative application rather than an active vacancy. The portfolio fit is excellent—visual identity, packaging, digital, motion and brand guidelines—but send a concise availability inquiry before investing in a tailored application."
"current-main","158","454","ADG-FAD","Laus 2027 视觉活动付费委托（非雇佣）","ADG Laus 2027 campaign — paid design commission / professional channel","C","live","barcelona","Barcelona / 付费委托 / 2026-09-16 截止","spanish","brand","false","false","false","23.1","86","","https://es.linkedin.com/company/adg-fad","https://es.linkedin.com/company/adg-fad | mailto:aina@adg-fad.org | https://adg-fad.org/evento/campana-de-los-premios-adg-laus-2026/","Live/current professional opportunity: ADG-FAD's employer-origin announcement was read on 2026-08-12 and accepts proposals until 16 September 2026 for the paid Laus 2027 campaign commission. Professional ADG membership is a hard eligibility gate; this is a commission, not employment.","Keep as a separately labelled paid design opportunity. It is relevant to campaign identity and art direction, but should never be presented as a salaried vacancy."
"current-main","159","868","Omnicom Health","医疗品牌视频制作与动态视觉","医疗品牌视频制作与动态视觉 / Video Maker","C","verify","barcelona","巴塞罗那","spanish","digital","false","true","false","22.6","88","2026-07-26","https://es.linkedin.com/jobs/view/video-maker-at-omnicom-health-4425688048","https://es.linkedin.com/jobs/view/video-maker-at-omnicom-health-4425688048","Needs verification: LinkedIn detail 4425688048 still exposes the full Video Maker vacancy, Barcelona, full-time, posted about three weeks ago, with 3+ years and fluent Spanish plus English. However, the public page does not expose a current apply button or employer ATS route, so the submission path must be confirmed before applying.","Retain as a verify-first healthcare-brand motion lead. The audiovisual scope is real and relevant, but language and application-route friction lower priority."
"current-main","160","854","Netenders / Wordans","高产量电商服装图形设计师","高产量服装电商 T-shirt 设计师 / T-shirt Designer for High-Volume E-commerce","C","live","barcelona","Barcelona / 合同形态冲突：元数据全职、正文写 freelance","english","ecommerce","false","false","false","22.1","54","","https://es.linkedin.com/jobs/view/t-shirt-designers-for-high-volume-e-commerce-google-shopping-expert-at-netenders-4421389114","https://es.linkedin.com/jobs/view/t-shirt-designers-for-high-volume-e-commerce-google-shopping-expert-at-netenders-4421389114 | https://www.netenders.com/en/","Live/current: LinkedIn employer detail 4421389114 was opened and its JobPosting data read on 2026-08-12. It still lists T-shirt Designers for High-Volume E-commerce, Barcelona, posted 2026-05-31 and an application route. The brief asks for print-ready apparel graphics, typography, mockups and commercial iteration.","Recover as a narrow apparel/e-commerce graphic route. The metadata says full-time while the body says freelance designers, and pay is undisclosed; confirm contract, volume, rate and IP before doing any test."
"current-main","161","372","Molin AI","社媒与创意内容创作者","Social & Creative Content Creator (Barcelona, Spain)","C","live","barcelona","Barcelona / contractor / 每周多次现场拍摄","english","social","false","true","false","21.6","78","","https://es.linkedin.com/jobs/view/social-creative-content-creator-barcelona-spain-at-molin-ai-4429533464","https://es.linkedin.com/jobs/view/social-creative-content-creator-barcelona-spain-at-molin-ai-4429533464","Live/current: LinkedIn employer detail 4429533464 was opened and its JobPosting data read on 2026-08-12. It lists Social & Creative Content Creator, Barcelona, contractor, posted 2026-06-24 and an active application route. The work is in-person concepting, filming, editing and fast publishing across LinkedIn, X, YouTube, TikTok and Instagram.","Recover only as a secondary social/video option. It is a contractor creator role, requires frequent founder filming and event travel, and is not a core brand-identity job."
"current-main","162","930711","JUNGLE / MeMe","社交创意（品牌内容与短视频）","Social Creative MeMe Barcelona","C","live","barcelona","Barcelona / Calle Álava 111 / 全职无固定期限","english","social","false","true","false","21.1","86","2026-08-09","https://wejungle.factorial.es/","https://wejungle.factorial.es/ | https://es.linkedin.com/jobs/view/social-creative-meme-barcelona-at-jungle-4441035715","Live/current: the employer's current Factorial board and specific LinkedIn detail 4441035715 were checked on 2026-08-12. The Barcelona role remains open with Solicitar/Inscríbete, an indefinite full-time contract and C/ Álava 111. It creates trend-led ideas, social formats, presentations, memes, short-form video and brand content; real bilingual English is stated.","Recover only as a secondary social-creative route. The role is more ideas, copy, community and fast content than graphic/VI design, so it stays below hands-on brand and visual-production jobs."
"current-main","163","1061","Dragons Group / official Factorial","","Creative Producer (Skincare & Fashion)","C","live","barcelona","巴塞罗那","unknown","ecommerce","false","true","false","20.6","72","","https://dragons-group.factorialhr.com/job_posting/creative-producer-skincare-fashion-305162","https://dragons-group.factorialhr.com/job_posting/creative-producer-skincare-fashion-305162","Official detail is readable and shows Permanent, Full time, Hybrid (Barcelona), Apply. Scope covers 360° skincare/fashion campaigns, photoshoots, audiovisual/editorial production, digital/social/e-commerce/PR/branded content, post-production coordination, visual/aesthetic quality and brand coherence.","Keep outside the homepage core and below core graphic/VI routes. Apply only if the portfolio supports campaign production, art direction, shoot coordination and brand-consistency QA—not just static identity. Confirm salary, office cadence, travel/production hours, budget ownership and whether hands-on design/editing is expected."
"current-main","164","1053","DDB Spain","社交媒体内容创作者","Social Media Content Creator","C","live","barcelona","Barcelona / 官方 Greenhouse","spanish","social","false","false","false","20.1","78","","https://job-boards.greenhouse.io/uneteaddbspain/jobs/5096089008","https://job-boards.greenhouse.io/uneteaddbspain/jobs/5096089008","Live/current: DDB Spain's official Greenhouse board was checked on 2026-08-12 and requisition 5096089008 remains listed in Barcelona with a direct application route. The role is Social Media Content Creator, so it belongs only in the secondary content group.","Recover at low priority as a current Barcelona social-content route, not a core graphic/VI opportunity."
"current-main","165","1098","Codeway / Learna","高级创意营销经理（AI 与绩效创意）","Senior Creative Marketing Manager (`c59cd8a0-9c94-420d-9c0e-7f8ea392d6b3`)","C","live","barcelona","Barcelona / hybrid / 全职","english","social","false","true","false","19.6","84","","https://jobs.ashbyhq.com/codeway/c59cd8a0-9c94-420d-9c0e-7f8ea392d6b3","https://jobs.ashbyhq.com/codeway/c59cd8a0-9c94-420d-9c0e-7f8ea392d6b3 | https://jobs.ashbyhq.com/codeway/c59cd8a0-9c94-420d-9c0e-7f8ea392d6b3/application","Live/current: Codeway's official Ashby board and requisition c59cd8a0-9c94-420d-9c0e-7f8ea392d6b3 were read on 2026-08-12. It lists Senior Creative Marketing Manager, Barcelona hybrid, full-time, posted 2026-07-09 and a complete application route. The role owns creative strategy, paid-social concepts, testing systems, AI production and creative-team workflows.","Keep as a senior stretch only: it requires 4-5+ years and a performance-marketing track record, and is not a pure hands-on graphic/VI role."
"current-main","166","1094","CATORCE / DDB Group","创意总监（西班牙市场，超高门槛）","Creative Director 鈥?Spain Hub","C","live","barcelona","Barcelona / 官方 Greenhouse / Spain Hub","spanish","brand","false","false","false","19.1","74","","https://job-boards.greenhouse.io/catorce/jobs/5215625008","https://job-boards.greenhouse.io/catorce/jobs/5215625008","Live/current: CATORCE's official Greenhouse board and requisition 5215625008 were opened and read on 2026-08-12. It lists Creative Director - Spain Hub, Barcelona and a direct application route. The role adapts global CUPRA/SEAT campaigns and leads copywriters and art directors.","Keep only as a very high-bar stretch: it requires at least 10 years in agencies, 3-4 years as Creative Director, and perfect Spanish and English."
"current-main","167","1093","CATORCE / official Greenhouse","","Creative Director (`5215620008`)","C","live","barcelona","巴塞罗那","unknown","brand","false","true","false","18.6","70","","https://job-boards.greenhouse.io/catorce/jobs/5215620008","https://job-boards.greenhouse.io/catorce/jobs/5215620008","Official detail opens with Barcelona and Apply. Scope covers local campaigns, sponsorships, CRM, social content, dealer activations, creative-team management and brand development/multichannel marketing; complete Greenhouse application form is live","Keep as senior Barcelona watch/backup, not a normal graphic-designer target. Only apply if the portfolio and experience genuinely meet Creative Director level; ask salary, office cadence and sponsorship before tailoring"
"current-main","168","985","The Builder Studios","视觉设计师（品牌视觉 + motion）","Visual Designer","C","live","remote","Remote EU timezones / freelance（Spain 合同待确认）","english","digital","false","false","false","18.2","88","","https://www.thebuilderstudios.com/job-openings/visual-designer","https://www.thebuilderstudios.com/job-openings/visual-designer","Current official page was opened directly on 2026-08-09 and visibly lists Visual Designer, Amsterdam or Remote (EU timezones), Freelance and an embedded application form. Work includes brand consistency, visual standards/guidelines, pitch decks, digital designs, motion/GIF/Lottie and Figma, Illustrator and After Effects; it asks 3+ years and a portfolio. Rate, Spain contractor eligibility, workload and Amsterdam attendance are not stated.","Keep as a manual Europe-remote freelance backup, below local Barcelona roles. It is not a Barcelona opening and does not establish a Spanish contract route. Apply only after confirming Spain-based contractor eligibility, rate, hours and travel; use digital brand standards, deck and motion/Lottie examples."
"current-main","169","977","Injective","数字设计师（品牌 Campaign 与视觉一致性）","Digital Designer（本轮新增）","C","live","remote","CET / EET 远程 / Spain 合同资格待确认","english","digital","false","true","false","17.7","76","","https://jobs.ashbyhq.com/injective/01f72c59-0387-48db-b456-952f30bd0aa1","https://jobs.ashbyhq.com/injective/01f72c59-0387-48db-b456-952f30bd0aa1","Injective's official Ashby requisition 01f72c59-0387-48db-b456-952f30bd0aa1 was opened on 2026-08-12. It shows Apply for this Job, Full time and Remote; Europe is an explicit eligible region. The brief asks for 3-5 years, fluent English and Europe timezone collaboration.","B/C 级备选。Spain 时区符合，但需先确认雇佣/contractor、Web3/crypto 经验预期及是否接受 Spain resident；使用英文 CV，突出品牌系统在 web/social/email/event 的落地与可扩展模板。"
"current-main","170","989","Storisell","动态设计师（Spain / Barcelona 团队）","Motion Designer（本轮新增）","C","live","remote","Spain remote / Barcelona hybrid 或 onsite","english","digital","false","false","false","17.2","86","","https://storisell.com/career/","https://storisell.com/career/ | mailto:hr@storisell.com","Current roles are visibly listed: Storisell official careers page was opened on 2026-08-09 and lists Motion Designer (Spain) and Graduate Program - Motion Design Intern (Barcelona). The Motion Designer scope covers end-to-end storyboard, illustration, animation, sound design and final proofing; Storisell states in-house production teams in Barcelona/Valencia and remote positions across Spain. It offers six weeks paid vacation, private health insurance and hybrid/co-working access. Salary, contract type, Spanish requirement and exact application-form route are not published.","Keep as a verified Spain-remote/Barcelona B-tier motion-design route. Apply with full storyboard-to-final motion work, illustration, animation and sound examples; state Barcelona availability and ask whether the opening is employment/freelance, the expected office rhythm, salary, working language and seniority."
"current-main","171","990001","TWOJEYS","服装平面设计师（图案、印花与产品 Artwork）","Apparel Graphic Designer","B","live","barcelona","巴塞罗那 / 全职","spanish","production","false","true","false","16.7","111","2026-07-19","https://es.linkedin.com/jobs/view/apparel-graphic-designer-at-twojeys-4430227072","https://es.linkedin.com/jobs/view/apparel-graphic-designer-at-twojeys-4430227072","Current original LinkedIn employer detail was checked on 2026-08-09. It visibly shows Apply, TWOJEYS Barcelona, full-time and a recent three-week publication. The role develops brand-aligned graphics, prints, placements, artworks and visual elements for apparel and accessories; it carries work from concept through production-ready final art, works with Creative Direction, Product and Buying, and contributes to the evolution of the company visual language. It requires prior graphic/apparel design experience, Adobe Illustrator/Photoshop/InDesign and native or advanced Spanish; English is not stated as a hard requirement.","Verified Barcelona B-tier design opening. It is a genuine visual-identity/product-graphics role, but it is fashion/product rather than corporate VI or digital brand systems. Apply with a Spanish-ready portfolio showing apparel graphics, print/placement systems, production files, brand storytelling and product-market fit; confirm salary, contract, onsite rhythm and work permit before interview."
"current-main","172","27","TWOJEYS","品牌负责人（策略、Campaign 与团队统筹）","Head of Brand","B","live","barcelona","Barcelona HQ / 永久全职","spanish","brand","false","true","false","16.2","98","","https://twojeys.jobs.personio.com/job/2692766?language=es","https://twojeys.jobs.personio.com/job/2692766?language=es | https://twojeys.jobs.personio.com/?language=es","Current official Personio detail was opened directly on 2026-08-09 and visibly shows Head of Brand, HQ Barcelona, full-time, permanent and Solicitar este puesto de trabajo. The role leads global brand strategy with the founders and owns campaigns, shootings, drops, partnerships, events, activations, brand calendar, creative/social/PR/event coordination, budgets, agencies and visual/narrative consistency. It requires 5+ years leading Brand/Marketing/Communication in fashion or lifestyle and high Spanish and English.","Keep as a current Barcelona brand-lead opportunity, but rank below hands-on graphic/VI roles because it is strategy, operations and team leadership heavy. Apply only if 5+ years of 360 brand leadership, campaign production, budget/agency management and high Spanish-English fluency are credible; confirm compensation, office cadence and work permit."
"current-main","173","1303","CATORCE / DDB Group","工作室视觉设计师与 HTML 程序员","Studio Designer & HTML Programmer","C","live","barcelona","Barcelona / agency studio / office days to confirm","basicSpanish","digital","false","false","false","15.7","88","","https://job-boards.greenhouse.io/catorce/jobs/5034293008","https://job-boards.greenhouse.io/catorce/jobs/5034293008","Current official Greenhouse detail 5034293008 was opened directly on 2026-08-09. It visibly lists Studio Designer & HTML Programmer, Barcelona and an active application form. It covers production/adaptation of print, OOH, retail, display, social, HTML banners/emails/landing components and final artwork to brand guidelines. It requires 3+ years agency Graphic and HTML experience, Adobe/Figma/Sketch, HTML/CSS/basic JavaScript, and fluent spoken/written English and Spanish. Salary and sponsorship are not stated; the form asks salary expectation, sponsorship need and willingness to follow office attendance.","Verified Barcelona opening, but C-tier for a brand-visual search: it is a studio-production and HTML role with a hard Spanish gate, not a role owning a VI system. Apply only if fluent in Spanish and comfortable with production HTML/agency artwork; lead with accurate multi-format delivery and brand-guideline cases."
"current-main","174","1020","COCUNAT","Senior Video Ads Designer（品牌 × Performance 视频）","Senior Video Ads Designer（同一 requisition 的西语页标题为 Video Editor (Ads)）","C","live","barcelona","Barcelona / Sant Gervasi","english","motion","false","true","false","15.2","90","","https://cocunat.jobs.personio.com/job/2210442?language=en","https://cocunat.jobs.personio.com/job/2210442?language=en | https://cocunat.jobs.personio.com/job/2210442/apply?language=en","Current official Personio detail 2210442 was opened directly on 2026-08-09 and visibly shows Senior Video Ads Designer, Headquarter - Barcelona, Full-time, Permanent employee and Apply for this job. It bridges Brand and Performance for Meta/TikTok/YouTube video ads, UGC, short-form variations, AI-video tools, templates/presets, sound/subtitles/typography and brand consistency. It requires 4+ years and senior Premiere/After Effects/CapCut plus AI-video fluency; the official English page does not state Spanish, salary or sponsorship.","Keep as a current Barcelona C-tier brand-performance/motion route, not a pure VI role. Apply in English with a reel showing paid-social hooks, UGC/product cuts, rapid variant systems, AI workflow judgment and brand consistency; confirm office cadence, compensation, Spanish workflow and work authorization."
"current-main","175","351","Rocket Digital / Jungle","付费媒体艺术指导（Key Visual 与效果广告）","Art Director Paid Media","C","live","barcelona","Barcelona / hybrid / 永久全职","spanish","social","false","false","false","14.7","92","","https://rock-et.factorial.es/job_posting/art-director-paid-media-306699","https://rock-et.factorial.es/job_posting/art-director-paid-media-306699 | https://es.linkedin.com/jobs/view/art-director-paid-media-at-rocket-digital-4425660188","Current original LinkedIn employer detail was checked on 2026-08-09. It visibly shows Apply, Rocket Digital Barcelona and a one-month publication. The role turns business objectives into visual concepts and key visuals for Meta, TikTok, YouTube, display and programmatic campaigns; it owns visual direction, variants/A-B tests and performance-led optimisation. Toolkit includes Photoshop, Illustrator, Figma and generative-AI workflow capability; After Effects is valued. No base salary or language gate is stated.","Verified Barcelona C-tier adjacent option. It is paid-media performance production, not identity-system ownership. Apply only if the portfolio has campaign key visuals, conversion-aware ad systems, multiple-format adaptations and AI-assisted production; confirm Spanish/English requirements, salary, contract and office cadence."
"current-main","176","1081","Eximia Studio","效果创意设计师（广告、数字内容与少量 VI）","Performance Creative Designer / Dise帽ador Gr谩fico","C","live","barcelona","Barcelona / Castelldefels / hybrid 或现场","spanish","digital","false","true","false","14.2","90","","https://eximiastudio.com/empleo/disenador-grafico/","https://eximiastudio.com/empleo/disenador-grafico/","Current official Eximia employer vacancy page was opened on 2026-08-09 and visibly shows Performance Creative Designer Barcelona, hybrid or onsite, a complete role brief and Apply for this Job through a complete working application form. The work split is 55% Meta/Google/TikTok/YouTube ads, 30% digital content, 10% brandbooks/logos/visual systems and 5% short copy. The page requests a portfolio, three self-made ad creatives and a short motivation answer; it offers full-time employment or a stable monthly retainer and currently lists Castelldefels offices with one telework day.","Promote to a live C-tier Barcelona-metro performance-brand route at 90 points, while keeping it below pure VI roles. Apply only with performance-led brand work: brandbook/logo systems translated into ad variants, A/B testing, visual hooks, short copy and AI-assisted exploration. Ask about salary versus retainer, measurement/bonus structure, Spanish working level, office move and the actual design-to-ads split."
"current-main","177","930843","EQUIPO SINGULAR","平面设计与视频青年人才实习","Jóvenes Talentos Diseño Gráfico y Vídeo","D","live","barcelona","Barcelona / hybrid / 上午实习","spanish","digital","false","false","true","13.7","20","2026-08-12","https://equiposingular.talentclue.com/node/127743936/66909823","https://equiposingular.talentclue.com/node/127743936/66909823 | mailto:people@equiposingular.com","EQUIPO SINGULAR's official TalentClue detail was opened on 2026-08-12 and currently exposes Inscribirme a esta oferta. It targets students or final-year candidates and covers graphic, visual-communication and creative work using Illustrator, Photoshop, Slides, Figma, AI tools and basic Premiere, CapCut or After Effects.","A legitimate local entry route for branding, editorial, digital, social and video practice, but only usable if a school or university can sign the internship agreement. It is mornings only and should rank below standard employment roles."
"current-main","178","294","Rituals Cosmetics Ibérica","","Marketing & Brand Activation Internship - Barcelona – 20 horas (Convenio Prácticas)","C","live","barcelona","巴塞罗那","english","digital","false","false","true","13.3","70","","https://es.linkedin.com/jobs/view/marketing-brand-activation-internship-barcelona-%E2%80%93-20-horas-convenio-pr%C3%A1cticas-at-rituals-cosmetics-ib%C3%A9rica-b-corp%E2%84%A2-4436729197","https://es.linkedin.com/jobs/view/marketing-brand-activation-internship-barcelona-%E2%80%93-20-horas-convenio-pr%C3%A1cticas-at-rituals-cosmetics-ib%C3%A9rica-b-corp%E2%84%A2-4436729197 | https://careers.rituals.com/es-ES/offices/department/marketing/ | https://careers.rituals.com/es-ES/jobs/","Official Rituals marketing page and job list both show the job; LinkedIn shows 2 weeks/200+ applications; native Catalan and Spanish plus advanced English are mandatory; 6-month internship agreement; no salary shown","Adapts graphics for campaigns, store openings/remodels, online/offline activations and newsletters for Spain/Portugal; InDesign/Figma/Canva. Keep as real/open but low priority because of the hard language gate and student requirement."
"current-main","179","317","AB-BIOTICS","","Artwork Manager","C","live","barcelona","巴塞罗那","spanish","production","false","true","false","12.8","70","","https://ab-biotics.factorial.es/","https://ab-biotics.factorial.es/ | https://ab-biotics.factorial.es/job_posting/artwork-manager-241907","Official Factorial company board currently lists the role; detail search shows a compensation display of EUR25–30 but the period/unit is not clear; fluent Spanish, English and Catalan required; no visa statement","Coordinates packaging artwork from receipt to production, reviews graphics against regulatory/technical standards, manages suppliers/agencies and proposes visual improvements; 2+ years, Adobe/print knowledge, pharma/supplements preferred. Real current lead but language barrier is high and the direct detail returned a cache miss; verify the salary unit and exact Apply form manually."
"current-main","180","581","GCTPLUS ETT / unnamed Montgat company","","Diseñador/a Gráfico/a","C","live","barcelona","巴塞罗那及周边","unknown","production","false","false","false","12.3","72","","https://www.infojobs.net/ofertas-trabajo/barcelona/montgat","https://www.infojobs.net/ofertas-trabajo/barcelona/montgat","InfoJobs listing visible and recently reposted; temporary via ETT with real possibility to company; EUR22,000-25,000; Catalan and Spanish native required, English intermediate","Design scope is relevant but language gate is high: corporate image adaptation, campaigns, catalogues, brochures, posters, packaging, labels, promotional materials, social/digital campaigns, website content and Mailchimp/RRSS. Do not prioritize now unless Catalan/Spanish requirement is flexible."
"current-main","181","1258","Media Electronics SL / JOB TODAY","","Diseñador/a Gráfico/a","C","live","barcelona","巴塞罗那","english","social","false","true","false","11.8","74","","https://jobtoday.com/es/trabajo/disenador-a-grafico-a-0mowQj","https://jobtoday.com/es/trabajo/disenador-a-grafico-a-0mowQj | https://mediaelectronicseu.com/ | https://www.mediaelectronicssl.com/","原始 [JOB TODAY 详情](https://jobtoday.com/es/trabajo/disenador-a-grafico-a-0mowQj) 显示 `Apply now`、全职、周一至周五、立即入职，并显示公司正在安排面试；仅写“有社交媒体使用和管理知识优先”，没有薪资、合同、保险、语言或完整职责；按 C 级 verify-first 处理","**新增 1 条 Barcelona 都市圈本地雇主线。** 官方站与企业信息可核对到 Media Electronics SL、Av. Segle XXI 34, 08840 Viladecans；先问实际设计内容（产品图、目录、电商、包装、社媒或销售物料）、工作语言、西语/英语门槛、工资、合同/全保和办公方式，再决定是否投递。不要把 JOB TODAY 的“面试明天/活跃几分钟前”当作正式发布日期，也不归入中文优先池。"
"current-main","182","136","Yellow Studio","","Graphic Design Internship","C","verify","barcelona","巴塞罗那 / studio","unknown","digital","false","false","true","11.3","80","","https://www.yellowlab.eu/contact/","https://www.yellowlab.eu/contact/","网站英文；岗位语言、学生协议和薪资待确认","官网明确设置“Looking for an internship?”并提供直接申请邮箱；不是已确认的具体招聘名额"
"current-main","183","1080","GameHouse Europe","高级 UX/UI 设计师（设计系统与品牌一致性）","Senior UX/UI Designer","C","live","remote","Spain / Europe remote；Barcelona 到岗要求需确认","english","digital","false","true","false","10.8","90","","https://gamehouse.factorialhr.com/job_posting/senior-ux-ui-designer-256071","https://gamehouse.factorialhr.com/job_posting/senior-ux-ui-designer-256071 | https://gamehouse.factorialhr.com/","Official Factorial detail `256071` is directly accessible with Apply now. The brief covers end-to-end mobile UX/UI, web landing pages, in-app web views, subscription flows, experimentation, and maintaining the design system and brand guidelines across touchpoints.","Keep outside the five homepage priorities because product UX/UI is the main scope. It is worth a targeted application only if the candidate can show responsive web, mobile interface, interaction/motion and design-system work alongside brand consistency. Confirm whether Barcelona office attendance is expected, salary, exact Spanish employment entity and how much hands-on brand extension the role actually owns."
"current-main","184","1099","LABHOUSE","UI/UX 视觉负责人（移动产品与设计系统）","Lead UI/UX Artist","C","live","remote","Spain 全远程 / Barcelona / 永久全职","english","digital","false","true","false","10.3","88","","https://jobs.ashbyhq.com/labhouse/4df39cbf-0c59-432e-ac59-4f4c61ce53b0","https://jobs.ashbyhq.com/labhouse/4df39cbf-0c59-432e-ac59-4f4c61ce53b0 | https://jobs.ashbyhq.com/labhouse/4df39cbf-0c59-432e-ac59-4f4c61ce53b0/application","Current official Ashby detail was opened directly on 2026-08-09. It visibly lists Lead UI/UX Artist, Barcelona; Spain (Remote), Full time and Apply. The role owns end-to-end mobile-app UI/UX: research, testing, prototypes, production UI, design systems, store assets and Lottie; it asks mobile iOS/Android experience, Figma/Adobe and good English. It offers a permanent contract and competitive compensation, with remote work anywhere in Spain; salary and visa policy are not stated.","Verified C-tier Spain-remote design option for this search. It is a genuine product UI/UX lead with visual asset production, but not primarily a brand-visual or VI role. Keep below brand/graphic/motion jobs; apply only with strong end-to-end mobile product, UI-system and App Store asset evidence."
"current-main","185","981","VML","高级艺术指导（360 Campaign 与品牌叙事）","Senior Art Director","C","live","barcelona","Barcelona / hybrid 或 onsite / 平均每周约 4 天办公室","spanish","brand","false","false","false","9.8","102","","https://www.vml.com/careers/job/8405452002-es-senior-art-director","https://www.vml.com/careers/job/8405452002-es-senior-art-director | https://www.vml.com/careers","Live current official VML Careers detail was opened directly on 2026-08-10 and shows Senior Art Director, Barcelona, Spain, requisition 13798 and a Submit Application route. The brief covers high-standard brand campaigns, storytelling, design and technology, 360 media, Adobe, video editing, motion graphics, AI and high-level English for international clients; it requires 5鈥? years. VML states hybrid or onsite work with an average of four office days.","Raise to 102 as a directly readable, current Barcelona senior art-direction role with strong brand/campaign overlap and an official application route. The seniority, frequent office presence and English client-work gate are material; confirm salary, Spanish/Catalan workflow, exact account and office cadence before applying."
"current-main","186","1097","Olixir / Omnicom Health","自由职业品牌负责人（Campaign 质量与品牌一致性）","Freelance Brand Lead (`5369998008`)","C","live","barcelona","Barcelona / 自由职业 / 每周 3 天办公室","english","brand","false","false","false","9.3","82","","https://job-boards.greenhouse.io/omnicomhealth/jobs/5369998008","https://job-boards.greenhouse.io/omnicomhealth/jobs/5369998008","Official page is marked New, opens with Barcelona, shows Apply, and exposes a complete application form. Scope coordinates four brand teams plus an agency team, reviews campaign materials for consistency/standards, and connects internal GDH teams as assets are built","Keep outside homepage core and below hands-on graphic/brand-design roles. Consider only if freelance Spanish work authorization, November start, 3-day office cadence and campaign coordination/quality-control profile fit; do not present it as a pure designer opening"
"current-main","187","1101","Remedy Edge Spain / Omnicom Health","自由职业高级平面设计师（跨媒体 Campaign）","Freelance Senior Graphic Designer (`5219087008`)","B","live","barcelona","Barcelona / 自由职业 / 每周 3 天办公室","english","brand","false","false","false","8.8","100","","https://job-boards.greenhouse.io/remedyedgespain/jobs/5219087008","https://job-boards.greenhouse.io/remedyedgespain/jobs/5219087008","Current official Greenhouse detail 5219087008 was opened directly on 2026-08-09. It visibly lists Freelance Senior Graphic Designer, Barcelona and Apply. The 5+ year role leads conceptual print/digital campaign solutions, client and project workflow, mentoring, Adobe/Figma and brand integrity across media. The form explicitly asks whether the candidate can work freelance in Spain, work 3 office days weekly and work without visa sponsorship; compensation is not published.","Verified B-tier Barcelona freelance senior graphic role. It has solid campaign/brand ownership but is healthcare-agency freelance work with in-office and Spain-contractor gates. Apply with senior cross-media, healthcare/regulated (if available), client-facing and creative-direction work; confirm rate, term and invoicing."
"current-main","188","24","HKU Europe / 香港大学欧洲校区","市场与品牌传播专员（HKU Europe）","Marketing & Branding Officer 鈥?HKU Europe","C","live","barcelona","Barcelona / 中文、英文、西语必需","chineseCheck","brand","true","false","false","8.4","92","2026-07-21","https://static.casaasia.es/2026/07/Marketing-and-Branding-Officer-HKU-Europe-JD-13072026.pdf","https://static.casaasia.es/2026/07/Marketing-and-Branding-Officer-HKU-Europe-JD-13072026.pdf | https://www.casaasia.eu/empleo-2/ | mailto:ssoens@hku.hk","Live/current but confirm before preparing a full application: Casa Asia's official employment page was reopened on 2026-08-12 and still lists the 21/07/2026 HKU Europe Marketing & Branding Officer PDF. The page and PDF expose a direct application email but no closing date or employer ATS.","Keep as the clearest current Barcelona Chinese-branding route, but not as a pure VI role. Chinese, English and Spanish are all essential, and the work mixes brand guidelines, website/social/email, campaigns, events, suppliers, data and operational marketing. Send a short availability check first and ask about salary, contract, start date and the proportion of hands-on visual production."
"current-main","189","25","Tea Lab Barcelona","社媒与内容创作者（中文 / 西语）","Social Media & Content Creator (Chinese-Spanish)","C","verify","barcelona","巴塞罗那 / 灵活工时 / 可能兼职","chineseCheck","social","true","false","false","7.9","86","2026-06-02","https://static.casaasia.es/2026/06/Social-Media-Content-Creator-Chino-Espanol-Tea-Lab-Barcelona.pdf","https://static.casaasia.es/2026/06/Social-Media-Content-Creator-Chino-Espanol-Tea-Lab-Barcelona.pdf | mailto:han980813@gmail.com","The original three-page Casa Asia PDF was downloaded, rendered and read in full on 2026-08-12. It is a Tea Lab Barcelona Chinese-Spanish Social Media & Content Creator / operations-partner brief with flexible hours, possible part-time work, negotiable pay and a direct email, but no closing date or live ATS.","Restore as an 86-point Barcelona Chinese-Spanish fallback because the official Casa Asia index currently lists it again and the PDF plus direct email are available. Keep below genuine brand/VI roles: it combines social/video content with daily bubble-tea shop operations, age under 30 and Chinese/Spanish gates, flexible or part-time terms and negotiable pay. Use only if this hybrid operating/content role is acceptable; send CV, social profiles and portfolio to the published email and confirm current availability before investing time."
"current-main","190","930835","西华论坛未公开雇主 / Barcelona 广告店","广告店全职平面设计师（7 月重复发布，待联系核验）","广告店全职平面设计师","D","verify","barcelona","Barcelona / 全职 / 店名与地址待核验","chinese","production","true","true","false","7.4","20","2026-07-22","https://xihua.es/forum.php?mod=viewthread&tid=637173","https://xihua.es/forum.php?mod=viewthread&tid=637173","The same Barcelona advertising-shop recruiter and contact were found in a newer Xihua repost dated 2026-02-05 and again in Huaxin's 2026-07-22 Barcelona listings. The Xihua detail asks for an experienced full-time designer who can use Illustrator, already holds a work permit and will be fully insured; the earlier repost states EUR 1,410-1,600 net. The employer name, exact address, contract and current vacancy still need direct confirmation.","This is a repeated Barcelona Chinese-channel lead rather than a one-off stale post, but the employer remains anonymous and there is no official application form. Keep it in verification: first confirm the shop identity, exact workplace, whether the vacancy is still open, contract, schedule, salary and who receives personal documents."
"current-main","191","278","Avidalia","数字内容设计师（品牌视觉与基础动效，兼职）","Digital Content Designer","C","live","barcelona","Barcelona / 20 小时兼职 / 周五远程 / €10,500–13,000","spanish","digital","false","false","false","6.9","90","","https://es.indeed.com/viewjob?jk=eaa4b06cd72a7990","https://es.indeed.com/viewjob?jk=eaa4b06cd72a7990 | https://avidaliasl.recruitee.com/","Current original Indeed detail was opened directly on 2026-08-10 and visibly shows Digital Content Designer, Avidalia S.L., Barcelona, Teletrabajo, Media jornada and the complete description. It specifies 20 hours weekly, office in central Barcelona with Friday remote, indefinite contract with possible expansion, a portfolio, Adobe, Figma, Canva and CapCut. The work covers online/offline brand-consistent materials, presentations, campaigns, social, email, basic motion and audiovisual content; salary is to be agreed and language requirements are not stated.","Keep as a current C-tier Barcelona visual-brand opportunity, but label it part-time and adjacent to pure VI. Apply with brand consistency, editorial/presentation, campaign and basic motion samples; confirm Spanish/Catalan daily use, salary and the path to full-time."
"current-main","192","1293","Bonita Digital","自由职业平面与创意设计师（品牌重塑、社媒与 Campaign）","Graphic Designer and Creative Freelance - Social Media","C","live","barcelona","Barcelona semipresencial / freelance autónomo / 每周约 15 小时","spanish","social","false","false","false","6.4","86","","https://join.com/companies/bonita/16498481-disenador-grafico-y-creativo-freelance-social-media","https://join.com/companies/bonita/16498481-disenador-grafico-y-creativo-freelance-social-media | https://www.bonita.digital/","Employer-origin Join page is readable and shows Apply now; page says updated 4 days ago when checked on 2026-08-03. Spanish is not explicitly stated. Adobe Creative Cloud and social-content experience required. Fees by agreement; freelance/autonomo rather than salaried employment.","New secondary Barcelona route. Scope includes redefining visual branding for child, fitness and wellness brands, monthly social concepts, campaign creative, ads, reels, packaging, offline materials and light animation. Ask first about autónomo requirements, weekly schedule, actual office cadence, client/brand mix and whether the role is still open; then send a compact brand-to-social portfolio. Not Chinese-specific and not a core VI employee vacancy."
"current-main","193","1255","Gameloft","平面设计实习岗位（合同类型待核实）","Graphic Design Intern","C","live","barcelona","Barcelona / hybrid / internship 与 permanent 描述冲突","english","brand","false","true","true","5.9","90","","https://jobs.smartrecruiters.com/oneclick-ui/company/Gameloft/publication/d1350cc7-6efb-487c-8e05-0b0872679bd6?dcr_ci=Gameloft","https://jobs.smartrecruiters.com/oneclick-ui/company/Gameloft/publication/d1350cc7-6efb-487c-8e05-0b0872679bd6?dcr_ci=Gameloft","Gameloft's official SmartRecruiters form was opened on 2026-08-12. It shows Graphic Design Intern, Barcelona, Spain, a complete application form and Submit. The permanent/internship wording conflict is a contract caveat; the application form itself is open.","C-level Barcelona secondary route. Before applying, confirm whether this is a paid internship or permanent junior contract, university/convention eligibility, compensation, English/Spanish requirement, software, project/team, hybrid schedule and portfolio/test expectations. Lead with modular visual systems, digital asset production, typography, campaign graphics and motion/game-adjacent work rather than pure logo/VI samples."
"current-main","194","37","ALEA","平面设计实习生（游戏视觉资产与规范执行）","Graphic Designer Internship","C","live","barcelona","Barcelona / hybrid / 平面设计实习","english","production","false","false","true","5.4","84","","https://alea.teamtailor.com/jobs/7959467-graphic-designer-internship","https://alea.teamtailor.com/jobs/7959467-graphic-designer-internship | https://alea.teamtailor.com/jobs","Official Teamtailor jobs board currently lists Graphic Designer Internship and the detail page has Apply for this job; student or recent graduate profile; portfolio required; English classes offered but language requirement not explicitly stated; salary described as competitive, exact amount not published","Produces visual vignettes and asset sets for the game library using existing artwork/templates; maintains style-guideline consistency, organized files and client/internal delivery quality. Not a pure VI role, but useful if the user needs a lower-seniority Barcelona design foothold with lighter Spanish evidence than local agencies."
"current-main","195","889","Dragons Group","食品饮料行业中级平面设计师","Mid Graphic Designer (Food & Beverage)","C","live","barcelona","巴塞罗那 / 混合办公","spanish","ecommerce","false","true","false","4.9","82","2026-07-26","https://dragons-group.factorialhr.com/job_posting/mid-graphic-designer-food-beverage-308047","https://dragons-group.factorialhr.com/job_posting/mid-graphic-designer-food-beverage-308047 | https://dragons-group.factorialhr.com/apply/mid-graphic-designer-food-beverage-308047 | https://es.linkedin.com/jobs/view/mid-graphic-designer-food-beverage-at-dragons-group-4442340757","Current original LinkedIn 4442340757 and official Factorial requisition 308047 were opened directly on 2026-08-09. LinkedIn visibly shows Barcelona, hybrid, full-time and employer-site apply; Factorial visibly shows Apply now, Permanent, Full time and Hybrid (Barcelona). Work adapts Danone Spain master assets across e-commerce, social and digital campaigns, enforcing visual consistency and scalable production. It requires 3鈥? years, Adobe and good English, plus Advanced Spanish explicitly; salary and sponsorship are not stated.","Keep as a current Barcelona role but downgrade to a Spanish-hard-gate C-tier backup. It is a strong match only if advanced Spanish is genuinely workable; use digital FMCG/e-commerce, multi-format adaptation, template/system and fast production cases, then confirm pay, office rhythm and work-authorisation policy."
"current-main","196","172","Ogilvy","初级艺术指导（数字品牌与多渠道创意实习）","Junior Art Director (Graduate Program Barcelona)","C","live","barcelona","Barcelona / 全职 Graduate Program 实习","spanish","brand","false","false","true","4.4","78","2026-07-10","https://es.linkedin.com/jobs/view/junior-art-director-graduate-program-barcelona-at-ogilvy-4429417187","https://es.linkedin.com/jobs/view/junior-art-director-graduate-program-barcelona-at-ogilvy-4429417187 | https://www.ogilvy.com/es/eng/careers","Current original LinkedIn detail 4429417187 was opened directly on 2026-08-10 and visibly shows Junior Art Director (Graduate Program Barcelona), Ogilvy, Barcelona, Solicitar, publication about one month ago and more than 200 applications. The brief asks for a university degree in advertising or similar completed in Spain, Adobe Creative Cloud, creative concepting and multichannel execution; the work includes digital-social content, digital-oriented branding and client presentations. Spanish is mandatory, English is a plus, no prior employment experience is required, and conversion to the staff is possible after the internship.","Keep as a 78-point C-tier Barcelona fallback. It is relevant for digital branding and art-direction fundamentals, but the Spanish-mandatory gate, degree-completed-in-Spain condition and graduate/internship format make it secondary to professional brand/VI roles."
"current-main","197","86","JIRADA Agency / Cosmo5","平面设计实习生（社媒、Campaign 与基础 Web）","Beca Graphic Designer (Social Media)","C","live","barcelona","Barcelona / 全职实习 / 必须可签 convenio","spanish","social","false","true","true","3.9","70","","https://es.linkedin.com/jobs/view/beca-graphic-designer-social-media-en-barcelona-at-jirada-agency-part-of-cosmo5-4430951231","https://es.linkedin.com/jobs/view/beca-graphic-designer-social-media-en-barcelona-at-jirada-agency-part-of-cosmo5-4430951231 | mailto:people@jirada.agency","Current original LinkedIn detail was opened directly on 2026-08-10 and visibly shows Beca Graphic Designer (Social Media), JIRADA Agency, Barcelona and publication about one month earlier. The brief covers visual campaign execution, exports and production control, video-content assembly, pitch mockups, web wireframes/design, social-trend analysis, AI in design, client presentations and social-media collaboration. It explicitly requires the candidate to be able to formalize an internship convenio and provides the direct application email people@jirada.agency with subject Beca Dise帽o Gr谩fico; Spanish is the language of the public brief.","Downgrade from the previous inflated score because this is a trainee/internship route with a formal convenio requirement and Spanish-first brief. Keep it visible as a Barcelona visual-content backup because the duties and direct email are concrete, but it must not outrank professional full-time brand/design roles."
"current-main","198","224","King / Microsoft","新游戏艺术指导（视觉风格与品牌指南）","Art Director | New Games","C","live","barcelona","Barcelona 在可选办公地点中 / 全职","english","brand","false","true","false","3.5","90","2026-08-05","https://xboxgaming.wd1.myworkdayjobs.com/King_External_Careers/job/London---King---Ampersand/Art-Director---New-Games_R027791","https://xboxgaming.wd1.myworkdayjobs.com/King_External_Careers/job/London---King---Ampersand/Art-Director---New-Games_R027791 | https://es.linkedin.com/jobs/view/art-director-new-games-at-king-4440313069 | https://jobs.king.com/","Live current official King Workday route was located and the original LinkedIn detail was opened on 2026-08-10. The official ATS lists Art Director | New Games, Apply, the Barcelona - King - PG location among the listed sites, full-time and requisition R027791. The original detail says the role leads the artistic vision of new mobile games from concept to launch, creates style guides and brand guidelines, leads multidisciplinary art teams and partners with product, design, technology, marketing and player-insights teams. It requires significant shipped-game art-direction experience, people leadership and a portfolio; language, salary and Spain work-authorisation terms are not stated.","Raise from an unverified 78-point mirror to a current 90-point Barcelona creative-direction opportunity. It is a genuine live official route and includes style/brand-guideline work, but it is primarily mobile-game art direction with a shipped-game and team-leadership gate, not a conventional commercial VI role. Confirm the Barcelona office arrangement, English workflow, compensation and work authorisation before applying."
"current-main","199","1301","The Colour Monster","品牌识别与视觉系统设计师","Diseñador/a gráfico/a de marca y sistemas visuales","C","verify","barcelona","Barcelona / 现场全职 / 当前投递入口待确认","spanish","brand","false","false","false","3","100","2026-08-06","https://es.linkedin.com/jobs/view/dise%C3%B1ador-a-gr%C3%A1fico-a-de-marca-y-sistemas-visuales-at-the-colour-monster-4446592473","https://es.linkedin.com/jobs/view/dise%C3%B1ador-a-gr%C3%A1fico-a-de-marca-y-sistemas-visuales-at-the-colour-monster-4446592473","Current LinkedIn employer detail 4446592473 was opened again on 2026-08-12. The complete role text is readable and the current page no longer contains the prior 'Ya no se aceptan solicitudes' marker. It provides a direct-message route to the publisher and asks for a CV plus portfolio, but the public page does not expose a separate application form, so the role remains verify-first.","The work itself is one of the closest VI matches in the library, but native or bilingual Catalan and Spanish, professional English, at least three years of identity-system experience and existing Spain work authorisation are explicit hard gates. Confirm that applications are still being accepted before tailoring a portfolio."
"current-main","200","930814","CNT Management Consulting","高级品牌设计与创意内容经理（完整 JD 待确认）","Senior Brand Designer & Creative Content Manager","C","live","barcelona","巴塞罗那 / hybrid / 全职","unknown","brand","false","true","false","2.5","50","2026-07-29","https://www.linkedin.com/jobs/view/4445748221","https://www.linkedin.com/jobs/view/4445748221","Current LinkedIn employer detail opened on 2026-08-12. It visibly shows Easy Apply and that applications are actively reviewed, but the signed-in readable view did not expose the complete description. Treat language, seniority, salary and exact scope as verification gates.","A real current Barcelona application route, but not enough evidence to rank above fully readable roles. Open the form and verify the complete JD first."
"current-main","201","920","言灵无界信息咨询（北京）有限公司","兼职品牌视觉设计师（跨境品牌咨询）","Brand Visual Designer","C","verify","remote","中文远程兼职（需确认西班牙资格）","chineseCheck","brand","true","false","false","2","62","2026-02-24","https://www.zhaopin.com/jobdetail/CC481983130J40920987415.htm","https://www.zhaopin.com/jobdetail/CC481983130J40920987415.htm","The original Zhaopin detail was opened on 2026-08-12 and remains readable with an active direct-chat control. It is a Chengdu/Jinjiang part-time remote Brand Visual Designer role recruiting ten people, but it does not state Spain residency, overseas hiring or international payment eligibility.","Keep in the Chinese manual queue because the brief is genuinely brand-visual and Chinese-first, but do not count it as confirmed Spain-remote or immediately actionable. Ask whether a Barcelona resident can work from Spain, whether the RMB range is gross/net, expected weekly hours, contract entity, payment method, time-zone overlap and whether the Zhaopin requisition is still open."
"current-main","202","930865","Jobgether / 匿名合作公司","UI/UX 与视觉设计师（匿名雇主，先核验）","UI/UX & Visual Designer (Mid-Level)","D","verify","remote","Spain remote / 实际雇主与合同主体未公开","english","digital","false","false","false","1.5","34","2026-08-12","https://www.linkedin.com/jobs/view/4451696654/","https://www.linkedin.com/jobs/view/4451696654/","Verify first: LinkedIn job 4451696654 was opened on 2026-08-12 and exposes an Easy Apply route, but the description explicitly says Jobgether is recruiting for an anonymous partner company. No employer-owned ATS, company name, salary, contract entity or public hiring-team identity was recovered.","Keep at the bottom of the reviewable board rather than treating it as a high-confidence vacancy. The skills match is real, but do not provide identity documents, banking information, unpaid test work or private source files until the actual employer, company-domain contact, written compensation, Spain contract route and data controller are disclosed."
"current-main","203","1243","Ricaris / official Dover application","","Senior Graphic Designer (Freelance – Landing Pages & Web)","C","verify","remote","巴塞罗那","spanish","digital","false","false","false","1","84","","https://app.dover.com/apply/ricarisjoinus/b1bcd63b-91fd-4a6d-b71b-ac6285087d10","https://app.dover.com/apply/ricarisjoinus/b1bcd63b-91fd-4a6d-b71b-ac6285087d10 | https://ricaris.com/nosotros/","官方 Dover 申请页显示 Remote (International)、Full-time、100% remote；freelance 短期项目、结果良好可延长；USD 20–25/hour；要求数字/SaaS/web 作品集；未公开 Spain payroll、合同语言、项目周期和工作语言","工作包括 landing page 从概念到最终视觉、布局/层级/CTA、转化导向、遵循品牌指南和交付可直接开发的文件。先确认是否接受在西班牙以 autónomo 或其他合规形式合作、付款周期、项目量、延长条件、英文/西语沟通和是否必须有 SaaS 实例；作品集优先放 landing page、品牌系统到网页转化、Figma/Adobe 文件和真实结果。"
